,,,,,,,,,,% of FGA by Distance,% of FGA by Distance,% of FGA by Distance,% of FGA by Distance,% of FGA by Distance,% of FGA by Distance,FG% by Distance,FG% by Distance,FG% by Distance,FG% by Distance,FG% by Distance,FG% by Distance,% of FG Ast'd,% of FG Ast'd,Dunks,Dunks,Corner 3s,Corner 3s,1/2 Court,1/2 Court,,-additional
Rk,Player,Age,Team,Pos,G,GS,MP,FG%,Dist.,2P,0-3,3-10,10-16,16-3P,3P,2P,0-3,3-10,10-16,16-3P,3P,2P,3P,%FGA,#,%3PA,3P%,Att.,Md.,Awards,-9999
1,Devin Booker,29,PHO,SG,14,14,501,.495,15.1,.704,.123,.188,.235,.159,.296,.559,.794,.500,.538,.477,.341,.330,.643,.007,2,.085,.286,0,0,,bookede01
2,Franz Wagner,24,ORL,SF,14,14,501,.461,11.6,.696,.278,.313,.065,.039,.304,.506,.719,.375,.267,.444,.357,.506,.840,.022,5,.143,.400,0,0,,wagnefr01
3,Tyrese Maxey,25,PHI,PG,12,12,484,.454,15.2,.607,.186,.229,.111,.082,.393,.476,.577,.438,.452,.391,.418,.370,.674,.025,6,.055,.500,0,0,,maxeyty01
4,Cooper Flagg,19,DAL,PG,14,14,478,.447,12.5,.707,.213,.309,.080,.106,.293,.519,.775,.431,.467,.300,.273,.333,.800,.080,11,.218,.000,0,0,,flaggco01
5,DeMar DeRozan,36,SAC,PF,14,14,476,.500,14.0,.833,.106,.187,.318,.222,.167,.521,.714,.649,.460,.409,.394,.523,1.000,.000,0,.545,.500,0,0,,derozde01
6,Shai Gilgeous-Alexander,27,OKC,PG,14,14,470,.531,14.0,.718,.194,.143,.276,.105,.282,.592,.772,.500,.568,.452,.373,.176,.258,.007,2,.048,.500,0,0,,gilgesh01
7,Lauri Markkanen,28,UTA,PF,13,13,470,.479,15.1,.550,.157,.271,.086,.036,.450,.552,.727,.513,.542,.100,.389,.776,.939,.096,26,.190,.583,0,0,,markkla01
8,Trey Murphy III,25,NOP,SF,13,13,465,.456,16.4,.482,.205,.185,.077,.015,.518,.564,.775,.389,.467,.333,.356,.660,.833,.103,18,.059,.333,0,0,,murphtr02
9,Derrick White,31,BOS,SG,14,14,461,.356,18.8,.440,.074,.176,.102,.088,.560,.421,.625,.342,.409,.421,.306,.500,.622,.009,2,.132,.313,0,0,,whitede01
10,Dyson Daniels,22,ATL,SG,14,14,459,.469,6.9,.885,.363,.469,.053,.000,.115,.500,.659,.377,.500,,.231,.520,1.000,.080,9,.231,.333,0,0,,daniedy01
11,Desmond Bane,27,ORL,SG,14,14,455,.436,13.9,.656,.179,.277,.087,.113,.344,.500,.743,.407,.588,.273,.313,.547,.619,.000,0,.224,.333,0,0,,banede01
12,Miles Bridges,27,CHO,PF,13,13,455,.422,16.0,.471,.135,.278,.040,.018,.529,.486,.667,.403,.556,.250,.364,.549,.907,.045,7,.280,.424,0,0,,bridgmi02
13,Toumani Camara,25,POR,PF,13,13,450,.410,16.4,.403,.215,.174,.007,.007,.597,.552,.774,.320,.000,.000,.314,.813,.815,.063,8,.314,.333,0,0,,camarto01
14,Rui Hachimura,27,LAL,PF,13,13,450,.577,14.8,.620,.226,.109,.161,.124,.380,.624,.677,.600,.545,.647,.500,.774,1.000,.080,10,.423,.364,0,0,,hachiru01
15,Jaylen Brown,29,BOS,SF,14,14,449,.505,14.4,.729,.168,.210,.144,.206,.271,.566,.837,.410,.452,.583,.342,.383,.556,.021,3,.076,.333,0,0,,brownja02
16,VJ Edgecombe,20,PHI,SG,12,12,448,.408,14.2,.609,.201,.243,.089,.077,.391,.427,.588,.366,.267,.385,.379,.477,.960,.077,9,.121,.250,0,0,,edgecvj01
17,Payton Pritchard,28,BOS,PG,14,14,447,.446,20.2,.414,.070,.102,.156,.086,.586,.623,.692,.789,.586,.438,.321,.146,.857,.000,0,.046,.400,0,0,,pritcpa01
18,Keyonte George,22,UTA,PG,13,13,447,.412,15.4,.607,.062,.327,.123,.095,.393,.500,.769,.522,.423,.350,.277,.484,.696,.024,5,.145,.250,0,0,,georgke01
19,Deni Avdija,25,POR,SF,13,13,443,.489,13.1,.602,.308,.217,.045,.032,.398,.564,.691,.479,.300,.286,.375,.413,.879,.041,9,.114,.500,0,0,,avdijde01
20,Evan Mobley,24,CLE,PF,13,13,443,.468,12.5,.663,.268,.253,.100,.042,.337,.524,.765,.396,.368,.125,.359,.636,.783,.116,20,.047,.333,0,0,,mobleev01
21,Alperen Şengün,23,HOU,C,12,12,442,.480,10.5,.812,.257,.347,.149,.059,.188,.488,.635,.443,.367,.417,.447,.338,.882,.064,12,.105,.750,0,0,,sengual01
22,Julius Randle,31,MIN,PF,13,13,437,.540,12.0,.697,.265,.246,.147,.038,.303,.605,.732,.519,.548,.500,.391,.348,.800,.043,8,.219,.357,0,0,,randlju01
23,Ryan Rollins,23,MIL,PG,14,13,436,.526,14.3,.595,.295,.127,.098,.075,.405,.573,.765,.364,.529,.231,.457,.203,.688,.040,7,.171,.750,0,0,,rolliry01
24,Kevin Durant,37,HOU,SF,12,12,433,.510,15.0,.733,.092,.175,.301,.165,.267,.550,.789,.556,.484,.529,.400,.446,.682,.058,12,.018,.000,0,0,,duranke01
25,James Harden,36,LAC,PG,12,12,433,.455,17.8,.441,.129,.228,.069,.015,.559,.528,.808,.348,.643,.333,.398,.085,.467,.000,0,.035,.500,0,0,,hardeja01
26,Jimmy Butler,36,GSW,SF,14,14,431,.526,10.1,.795,.301,.321,.115,.058,.205,.540,.766,.500,.278,.111,.469,.448,.733,.045,7,.438,.500,0,0,,butleji01
27,Brandon Ingram,28,TOR,SF,13,13,431,.493,14.4,.726,.144,.139,.279,.164,.274,.582,.793,.464,.536,.576,.255,.471,.857,.025,3,.236,.308,0,0,,ingrabr01
28,Devin Vassell,25,SAS,SG,13,13,430,.406,19.4,.413,.081,.063,.169,.100,.588,.500,.538,.500,.519,.438,.340,.697,.969,.031,4,.234,.318,0,0,,vassede01
29,Max Christie,22,DAL,SG,14,11,428,.477,17.3,.362,.154,.169,.038,.000,.638,.511,.750,.364,.200,,.458,.708,1.000,.054,7,.458,.579,0,0,,chrisma02
30,Andrew Wiggins,30,MIA,SF,13,13,428,.508,13.6,.627,.226,.215,.119,.068,.373,.586,.725,.447,.571,.583,.379,.446,.920,.040,6,.303,.400,0,0,,wiggian01
31,Brandin Podziemski,22,GSW,SG,15,7,426,.455,17.3,.490,.133,.154,.119,.084,.510,.529,.842,.500,.294,.417,.384,.649,.821,.000,0,.205,.533,0,0,,podzibr01
32,Dennis Schröder,32,SAC,PG,14,12,426,.401,15.3,.605,.111,.278,.123,.093,.395,.439,.611,.356,.350,.600,.344,.186,.636,.000,0,.125,.375,0,0,,schrode01
33,Amen Thompson,23,HOU,SF,12,12,426,.471,8.7,.829,.406,.288,.076,.059,.171,.525,.754,.306,.231,.400,.207,.541,1.000,.194,32,.483,.143,0,0,,thompam01
34,Kon Knueppel,20,CHO,SF,13,12,424,.456,18.0,.396,.166,.136,.071,.024,.604,.537,.679,.435,.417,.500,.402,.694,.927,.018,3,.284,.448,0,0,,knuepko01
35,Scottie Barnes,24,TOR,PF,13,13,422,.503,11.8,.738,.282,.226,.174,.056,.262,.535,.782,.318,.412,.545,.412,.597,.857,.077,15,.235,.333,0,0,,barnesc01
36,Pascal Siakam,31,IND,PF,12,12,420,.453,13.3,.737,.147,.254,.246,.091,.263,.485,.500,.610,.404,.333,.361,.361,.682,.009,1,.033,.000,0,0,,siakapa01
37,Wendell Carter Jr.,26,ORL,C,14,14,419,.527,12.8,.636,.318,.155,.091,.073,.364,.571,.743,.353,.600,.250,.450,.750,1.000,.155,14,.400,.438,0,0,,cartewe01
38,Duncan Robinson,31,DET,SF,13,13,418,.454,20.5,.244,.076,.160,.008,.000,.756,.517,.667,.421,1.000,,.433,.667,.974,.000,0,.167,.533,0,0,,robindu01
39,Kelly Oubre Jr.,30,PHI,SF,12,12,418,.497,14.8,.550,.208,.235,.067,.040,.450,.622,.806,.514,.400,.667,.343,.549,.957,.067,9,.239,.500,0,0,,oubreke01
40,Grayson Allen,30,PHO,SG,13,13,417,.468,19.4,.341,.098,.214,.023,.006,.659,.508,.706,.405,.500,1.000,.447,.567,.804,.006,1,.140,.375,0,0,,allengr01
41,Mikal Bridges,29,NYK,SF,12,12,417,.486,15.8,.500,.222,.111,.139,.028,.500,.556,.656,.625,.300,.750,.417,.550,.967,.021,2,.403,.552,0,0,,bridgmi01
42,Stephon Castle,21,SAS,PG,13,13,416,.497,11.9,.677,.323,.219,.123,.013,.323,.619,.760,.441,.579,.500,.240,.323,1.000,.071,11,.140,.429,0,0,,castlst01
43,Victor Wembanyama,22,SAS,C,12,12,416,.502,12.4,.738,.303,.176,.136,.122,.262,.558,.821,.359,.400,.370,.345,.582,.850,.163,34,.103,.500,0,0,,wembavi01
44,Royce O'Neale,32,PHO,SF,14,10,413,.444,22.9,.183,.040,.087,.048,.008,.817,.478,.200,.455,.667,1.000,.437,.545,.956,.008,1,.165,.588,0,0,,onealro01
45,Myles Turner,29,MIL,C,14,14,412,.440,18.9,.418,.097,.142,.119,.060,.582,.482,.769,.421,.313,.500,.410,.630,1.000,.022,3,.179,.571,0,0,,turnemy01
46,Jaden McDaniels,25,MIN,PF,13,13,412,.549,10.9,.732,.250,.311,.152,.018,.268,.567,.756,.529,.320,.667,.500,.676,.955,.061,8,.432,.579,0,0,,mcdanja02
47,Zach LaVine,30,SAC,SG,12,12,412,.511,16.4,.511,.179,.179,.060,.092,.489,.596,.758,.545,.545,.412,.422,.679,.789,.065,12,.189,.529,0,0,,lavinza01
48,Onyeka Okongwu,25,ATL,C,14,5,411,.517,12.7,.589,.272,.285,.033,.000,.411,.607,.780,.442,.600,,.387,.852,1.000,.106,15,.403,.480,0,0,,okongon01
49,Rudy Gobert,33,MIN,C,13,13,410,.763,2.0,1.000,.737,.263,.000,.000,.000,.763,.839,.550,,,,.690,,.408,28,,,0,0,,goberru01
50,Nikola Jokić,30,DEN,C,12,12,410,.672,11.2,.719,.266,.354,.068,.031,.281,.768,.882,.676,.692,1.000,.426,.613,.913,.036,7,.056,.667,0,0,,jokicni01
51,RJ Barrett,25,TOR,SF,13,13,409,.505,12.2,.624,.317,.231,.070,.005,.376,.603,.678,.581,.385,.000,.343,.557,.958,.048,9,.229,.375,0,0,,barrerj01
52,Immanuel Quickley,26,TOR,PG,13,13,408,.462,16.7,.487,.160,.205,.090,.032,.513,.553,.800,.375,.571,.400,.375,.357,.800,.006,1,.113,.111,0,0,,quickim01
53,Ivica Zubac,28,LAC,C,13,13,407,.629,4.4,1.000,.420,.497,.084,.000,.000,.629,.767,.507,.667,,,.633,,.168,22,,,0,0,,zubaciv01
54,Donovan Mitchell,29,CLE,SG,12,12,407,.498,17.4,.481,.136,.177,.086,.082,.519,.624,.636,.651,.571,.600,.381,.219,.583,.016,3,.111,.571,0,0,,mitchdo01
55,Cade Cunningham,24,DET,PG,11,11,407,.436,12.8,.700,.160,.366,.128,.045,.300,.500,.590,.472,.516,.364,.288,.247,.333,.029,5,.027,.000,0,0,,cunnica01
56,P.J. Washington,27,DAL,PF,13,13,405,.449,13.0,.646,.158,.373,.076,.038,.354,.529,.600,.525,.417,.500,.304,.630,.941,.076,11,.393,.364,0,0,,washipj01
57,Jake LaRavia,24,LAL,PF,14,6,403,.477,13.1,.587,.294,.229,.046,.018,.413,.578,.719,.400,.600,.500,.333,.649,1.000,.064,6,.289,.308,1,0,,laravja01
58,Jaren Jackson Jr.,26,MEM,C,14,14,402,.478,13.2,.665,.143,.352,.154,.016,.335,.529,.538,.531,.571,.000,.377,.563,1.000,.016,3,.213,.462,0,0,,jacksja02
59,Isaiah Hartenstein,27,OKC,C,14,14,401,.690,4.7,.973,.504,.345,.124,.000,.027,.709,.877,.564,.429,,.000,.782,,.345,38,.667,.000,0,0,,harteis01
60,Giannis Antetokounmpo,31,MIL,PF,12,12,401,.630,5.8,.924,.655,.126,.046,.097,.076,.641,.776,.433,.364,.130,.500,.440,.778,.265,61,.000,,0,0,,antetgi01
61,Jrue Holiday,35,POR,PG,12,12,401,.446,16.5,.488,.157,.181,.114,.036,.512,.531,.654,.500,.421,.500,.365,.372,.452,.012,2,.129,.455,0,0,,holidjr01
62,Russell Westbrook,37,SAC,SF,14,8,399,.436,14.9,.546,.166,.258,.080,.043,.454,.461,.667,.429,.308,.143,.405,.317,.767,.006,1,.338,.480,0,0,,westbru01
63,Donte DiVincenzo,29,MIN,SG,13,13,399,.425,20.9,.246,.082,.119,.022,.022,.754,.576,.636,.500,.333,1.000,.376,.684,.974,.015,2,.178,.222,0,0,,divindo01
64,Austin Reaves,27,LAL,SG,11,11,399,.482,16.6,.538,.117,.223,.157,.041,.462,.613,.783,.659,.516,.250,.330,.308,.700,.000,0,.077,.286,0,0,,reaveau01
65,Davion Mitchell,27,MIA,PG,13,13,398,.495,13.5,.629,.152,.362,.086,.029,.371,.561,.688,.579,.333,.333,.385,.297,.867,.000,0,.077,.000,0,0,,mitchda01
66,Herbert Jones,27,NOP,SF,13,13,397,.417,16.0,.487,.209,.165,.052,.061,.513,.464,.583,.421,.167,.429,.373,.462,1.000,.026,2,.339,.350,0,0,,joneshe01
67,Karl-Anthony Towns,30,NYK,C,12,12,397,.439,12.0,.635,.407,.180,.011,.037,.365,.492,.558,.412,.500,.143,.348,.559,.958,.085,14,.058,.500,0,0,,townska01
68,Ajay Mitchell,23,OKC,SG,14,5,396,.457,11.7,.715,.215,.360,.086,.054,.285,.504,.675,.522,.250,.100,.340,.403,.667,.011,2,.302,.375,0,0,,mitchaj01
69,Deandre Ayton,27,LAL,C,13,13,395,.692,5.9,1.000,.406,.371,.175,.049,.000,.692,.810,.660,.480,.714,,.828,,.203,26,,,0,0,,aytonde01
70,Jalen Johnson,24,ATL,SF,12,12,395,.587,9.4,.802,.378,.273,.099,.052,.198,.638,.800,.532,.471,.333,.382,.602,.923,.140,23,.118,.250,0,0,,johnsja05
71,Draymond Green,35,GSW,PF,14,14,394,.373,16.8,.422,.235,.108,.049,.029,.578,.395,.417,.455,.200,.333,.356,.882,1.000,.010,1,.356,.524,0,0,,greendr01
72,Paolo Banchero,23,ORL,PF,12,12,393,.461,12.1,.753,.247,.247,.174,.084,.247,.530,.705,.545,.258,.533,.250,.352,.909,.062,10,.091,.000,0,0,,banchpa01
73,Jaime Jaquez Jr.,24,MIA,SF,13,0,392,.533,7.8,.852,.367,.402,.071,.012,.148,.590,.758,.456,.500,.500,.200,.506,1.000,.059,9,.240,.167,0,0,,jaqueja01
74,Michael Porter Jr.,27,BRK,SF,12,12,390,.472,16.9,.514,.156,.133,.133,.092,.486,.589,.882,.517,.448,.400,.349,.636,.892,.064,13,.160,.294,0,0,,portemi01
75,Harrison Barnes,33,SAS,PF,13,13,386,.542,18.3,.313,.146,.135,.031,.000,.688,.667,.786,.692,.000,,.485,.600,.938,.021,2,.470,.484,0,0,,barneha02
76,Gary Trent Jr.,27,MIL,SG,14,12,384,.390,21.0,.301,.073,.065,.081,.081,.699,.432,.667,.250,.300,.500,.372,.625,.875,.000,0,.221,.526,0,0,,trentga02
77,CJ McCollum,34,WAS,SG,13,13,384,.394,17.3,.500,.111,.178,.161,.050,.500,.411,.650,.281,.483,.111,.378,.297,.676,.006,1,.189,.353,0,0,,mccolcj01
78,A.J. Green,26,MIL,SG,14,14,382,.490,24.3,.073,.021,.021,.021,.010,.927,.714,.500,1.000,1.000,.000,.472,.600,.905,.000,0,.258,.739,0,0,,greenaj01
79,Nic Claxton,26,BRK,C,13,13,382,.610,4.9,.951,.520,.350,.065,.016,.049,.641,.734,.605,.000,1.000,.000,.573,,.268,32,.000,,0,0,,claxtni01
80,Nikola Vučević,35,CHI,C,12,12,380,.506,13.4,.656,.221,.279,.104,.052,.344,.545,.618,.558,.500,.250,.434,.836,.957,.013,2,.038,.500,0,0,,vucevni01
81,Jarace Walker,22,IND,PF,13,8,379,.293,15.9,.524,.122,.245,.136,.020,.476,.325,.444,.222,.450,.000,.257,.440,.833,.007,0,.129,.333,0,0,,walkeja02
82,Cason Wallace,22,OKC,SG,13,13,378,.417,16.1,.427,.177,.208,.031,.010,.573,.463,.765,.250,.333,.000,.382,.263,1.000,.063,5,.309,.471,0,0,,wallaca01
83,Alex Sarr,20,WAS,C,13,13,377,.519,10.1,.788,.275,.365,.116,.032,.212,.564,.808,.420,.500,.333,.350,.714,1.000,.138,25,.075,.333,0,0,,sarral01
84,Cedric Coward,22,MEM,SG,14,1,374,.478,14.2,.537,.261,.172,.097,.007,.463,.569,.686,.478,.462,.000,.371,.634,.957,.075,9,.274,.235,0,0,,cowarce01
85,Jamal Murray,28,DEN,PG,11,11,374,.458,15.8,.620,.146,.203,.104,.167,.380,.529,.643,.462,.600,.469,.342,.286,.520,.005,1,.082,.000,1,1,,murraja01
86,OG Anunoby,28,NYK,PF,12,12,373,.476,14.8,.463,.367,.048,.041,.007,.537,.574,.685,.000,.333,.000,.392,.615,.968,.143,19,.456,.444,0,0,,anunoog01
87,Jalen Brunson,29,NYK,PG,11,11,373,.467,14.5,.633,.188,.205,.162,.079,.367,.524,.698,.340,.541,.556,.369,.276,.548,.000,0,.143,.500,0,0,,brunsja01
88,Kyshawn George,22,WAS,SF,12,12,372,.507,16.6,.527,.151,.192,.123,.062,.473,.558,.864,.464,.444,.333,.449,.233,.839,.027,4,.174,.750,0,0,,georgky01
89,Naji Marshall,28,DAL,SF,14,1,371,.472,12.6,.648,.250,.259,.083,.056,.352,.571,.778,.393,.778,.167,.289,.575,.909,.037,4,.553,.286,0,0,,marshna01
90,Quentin Grimes,25,PHI,SG,12,0,371,.467,16.8,.452,.237,.133,.044,.037,.548,.557,.719,.500,.167,.200,.392,.618,.897,.015,1,.122,.222,0,0,,grimequ01
91,Luka Dončić,26,LAL,PG,10,10,371,.469,18.2,.513,.084,.155,.199,.075,.487,.603,.947,.600,.600,.235,.327,.229,.333,.009,2,.073,.000,0,0,,doncilu01
92,Anthony Black,22,ORL,PG,14,3,370,.463,13.8,.602,.276,.211,.065,.049,.398,.568,.765,.500,.375,.000,.306,.429,.933,.114,11,.265,.308,1,1,,blackan01
93,Shaedon Sharpe,22,POR,SG,13,13,370,.433,14.3,.618,.261,.176,.088,.092,.382,.531,.645,.500,.381,.409,.275,.500,.720,.067,12,.099,.222,0,0,,sharpsh01
94,Stephen Curry,37,GSW,PG,12,12,367,.458,18.7,.410,.154,.132,.079,.044,.590,.570,.657,.600,.444,.400,.381,.528,.706,.004,0,.082,.455,0,0,,curryst01
95,Nickeil Alexander-Walker,27,ATL,SG,12,9,365,.441,14.7,.559,.267,.149,.068,.075,.441,.533,.628,.500,.545,.250,.324,.479,.870,.012,2,.197,.357,0,0,,alexani01
96,Domantas Sabonis,29,SAC,C,11,11,365,.510,7.1,.862,.400,.366,.090,.007,.138,.560,.672,.415,.692,.000,.200,.714,1.000,.097,14,.150,.333,0,0,,sabondo01
97,Jabari Smith Jr.,22,HOU,PF,11,11,363,.457,15.8,.543,.171,.163,.132,.078,.457,.529,.682,.571,.471,.200,.373,.595,.955,.047,6,.492,.483,0,0,,smithja05
98,Jerami Grant,31,POR,PF,13,1,362,.464,13.4,.556,.318,.185,.046,.007,.444,.512,.667,.357,.143,.000,.403,.395,1.000,.053,6,.358,.500,0,0,,grantje01
99,Jonathan Kuminga,23,GSW,PF,13,12,360,.478,10.8,.728,.250,.353,.096,.029,.272,.535,.647,.521,.462,.000,.324,.453,.917,.140,15,.351,.308,0,0,,kuminjo01
100,Santi Aldama,25,MEM,PF,14,0,358,.463,14.4,.570,.235,.215,.067,.054,.430,.576,.714,.563,.400,.250,.313,.816,1.000,.027,4,.234,.533,0,0,,aldamsa01
101,Saddiq Bey,26,NOP,SF,13,7,358,.429,15.8,.474,.203,.173,.068,.030,.526,.460,.519,.478,.444,.000,.400,.345,.964,.023,3,.300,.143,0,0,,beysa01
102,Julian Champagnie,24,SAS,SF,13,8,357,.415,19.6,.234,.181,.053,.000,.000,.766,.545,.706,.000,,,.375,.750,.963,.021,2,.486,.457,0,0,,champju02
103,Jaylen Wells,22,MEM,SG,14,14,354,.366,17.5,.448,.142,.142,.075,.090,.552,.467,.632,.421,.400,.333,.284,.679,.905,.030,3,.297,.182,0,0,,wellsja01
104,Svi Mykhailiuk,28,UTA,SF,13,13,353,.469,19.6,.286,.082,.173,.010,.020,.714,.714,.500,.824,1.000,.500,.371,.700,.923,.000,0,.371,.423,0,0,,mykhasv01
105,Terance Mann,29,BRK,SG,13,13,352,.475,13.3,.604,.257,.198,.119,.030,.396,.541,.654,.450,.500,.333,.375,.394,.800,.059,3,.275,.364,0,0,,mannte01
106,Bub Carrington,20,WAS,PG,13,5,349,.329,17.3,.541,.059,.235,.141,.106,.459,.239,.200,.250,.250,.222,.436,.273,.765,.024,1,.231,.333,0,0,,carrica01
107,Sion James,23,CHO,SG,13,8,349,.486,15.3,.431,.306,.097,.028,.000,.569,.484,.545,.286,.500,,.488,.533,1.000,.097,5,.439,.444,0,0,,jamessi01
108,Matas Buzelis,21,CHI,PF,12,12,349,.485,12.1,.596,.360,.191,.029,.015,.404,.543,.571,.538,.000,1.000,.400,.500,.955,.074,9,.364,.250,0,0,,buzelma01
109,Josh Giddey,23,CHI,PG,10,10,349,.459,11.0,.729,.294,.324,.059,.053,.271,.492,.660,.382,.600,.111,.370,.393,.824,.006,1,.065,.333,0,0,,giddejo01
110,Ja Morant,26,MEM,PG,12,12,345,.359,13.9,.692,.154,.262,.190,.087,.308,.444,.600,.431,.405,.294,.167,.283,.600,.015,3,.150,.556,0,0,,moranja01
111,Neemias Queta,26,BOS,C,14,14,344,.613,4.3,.968,.548,.355,.043,.022,.032,.633,.765,.515,.250,.000,.000,.754,,.269,24,.333,.000,0,0,,quetane01
112,Jeremiah Fears,19,NOP,PG,13,11,344,.437,11.7,.743,.299,.228,.156,.060,.257,.468,.640,.395,.385,.100,.349,.379,.733,.018,3,.140,.333,0,0,,fearsje01
113,Jock Landale,30,MEM,C,14,13,342,.544,11.9,.660,.311,.243,.078,.029,.340,.588,.594,.560,.625,.667,.457,.700,1.000,.058,3,.143,.400,0,0,,landajo01
114,Anfernee Simons,26,BOS,SG,14,0,342,.405,20.0,.411,.037,.135,.098,.141,.589,.418,.500,.500,.438,.304,.396,.107,.711,.006,1,.063,.167,0,0,,simonan01
115,Kyle Kuzma,30,MIL,PF,13,4,338,.512,11.7,.667,.279,.318,.031,.039,.333,.628,.750,.561,.250,.600,.279,.611,.917,.054,7,.372,.313,0,0,,kuzmaky01
116,Collin Gillespie,26,PHO,PG,14,0,337,.385,21.1,.320,.041,.115,.115,.049,.680,.385,.400,.429,.286,.500,.386,.400,.781,.000,0,.181,.800,0,0,,gilleco01
117,Aaron Nesmith,26,IND,SF,11,11,335,.367,17.6,.435,.170,.122,.075,.068,.565,.359,.480,.389,.182,.200,.373,.826,.935,.027,2,.241,.400,0,0,,nesmiaa01
118,Ryan Dunn,23,PHO,SF,14,9,334,.480,12.5,.569,.314,.216,.039,.000,.431,.603,.781,.455,.000,,.318,.657,1.000,.157,14,.659,.276,0,0,,dunnry01
119,Kris Dunn,31,LAC,PG,13,7,333,.467,13.7,.587,.200,.240,.133,.013,.413,.545,.733,.556,.300,.000,.355,.500,1.000,.027,1,.419,.462,0,0,,dunnkr01
120,Aaron Gordon,30,DEN,PF,11,11,333,.533,14.1,.578,.296,.133,.074,.074,.422,.577,.800,.333,.300,.400,.474,.600,.815,.148,18,.211,.500,0,0,,gordoaa01
121,Tre Jones,26,CHI,PG,11,11,329,.495,7.4,.825,.526,.258,.031,.010,.175,.525,.608,.400,.333,.000,.353,.405,1.000,.000,0,.176,.667,0,0,,jonestr01
122,John Collins,28,LAC,PF,13,4,328,.512,11.3,.702,.248,.372,.041,.041,.298,.588,.833,.511,.200,.200,.333,.760,1.000,.124,13,.556,.450,0,0,,collijo01
123,Kentavious Caldwell-Pope,32,MEM,SG,14,13,327,.356,16.8,.535,.119,.178,.109,.129,.465,.407,.583,.444,.364,.231,.298,.773,.929,.030,2,.170,.000,0,0,,caldwke01
124,Tre Johnson,19,WAS,SG,13,4,327,.424,17.8,.492,.061,.205,.182,.045,.508,.477,.750,.407,.458,.500,.373,.355,.800,.015,1,.224,.333,0,0,,johnstr03
125,Donovan Clingan,21,POR,C,13,13,326,.479,11.7,.583,.417,.167,.000,.000,.417,.679,.700,.625,,,.200,.526,1.000,.135,11,.175,.000,0,0,,clingdo01
126,Noah Clowney,21,BRK,PF,13,7,326,.347,20.3,.245,.102,.133,.010,.000,.755,.500,.700,.385,.000,,.297,.500,1.000,.071,4,.257,.368,0,0,,clownno01
127,Ben Sheppard,24,IND,SG,13,5,326,.316,16.5,.449,.184,.163,.071,.031,.551,.409,.667,.188,.429,.000,.241,.667,.923,.020,2,.315,.294,0,0,,sheppbe01
128,Christian Braun,24,DEN,SG,11,11,325,.495,10.5,.711,.433,.206,.010,.062,.289,.609,.667,.550,1.000,.333,.214,.762,1.000,.103,9,.107,.667,0,0,,braunch01
129,Tristan Da Silva,24,ORL,SF,14,2,324,.487,16.9,.420,.151,.202,.059,.008,.580,.600,.722,.583,.286,1.000,.406,.533,.964,.050,4,.319,.500,0,0,,dasiltr01
130,Derrick Jones Jr.,28,LAC,SF,13,13,324,.533,14.5,.500,.239,.228,.011,.022,.500,.717,.955,.476,1.000,.500,.348,.727,1.000,.152,14,.435,.300,0,0,,jonesde02
131,Marcus Smart,31,LAL,SG,11,9,321,.402,18.3,.402,.126,.126,.103,.046,.598,.657,.727,.818,.444,.500,.231,.478,.833,.000,0,.192,.300,0,0,,smartma01
132,De'Andre Hunter,28,CLE,SF,11,11,320,.442,17.1,.513,.117,.162,.175,.058,.487,.595,.778,.520,.519,.667,.280,.574,.810,.032,4,.187,.214,0,0,,huntede01
133,Kevin Huerter,27,CHI,SF,12,3,319,.496,13.1,.559,.331,.189,.039,.000,.441,.648,.762,.500,.400,,.304,.674,1.000,.031,4,.250,.429,0,0,,huertke01
134,Jalen Duren,22,DET,C,11,11,319,.647,3.4,1.000,.471,.504,.000,.025,.000,.647,.696,.600,,.667,,.649,,.336,37,,,0,0,,durenja01
135,Ryan Kalkbrenner,24,CHO,C,12,12,318,.818,2.3,.985,.803,.182,.000,.000,.015,.831,.887,.583,,,.000,.667,,.394,25,.000,,0,0,,kalkbry01
136,Naz Reid,26,MIN,C,13,0,316,.438,16.3,.469,.138,.246,.077,.008,.531,.541,.778,.500,.300,.000,.348,.485,.917,.023,1,.333,.435,1,0,,reidna01
137,Moses Moody,23,GSW,SG,13,5,315,.442,20.2,.283,.092,.117,.042,.033,.717,.412,.636,.429,.000,.250,.453,.500,.974,.025,2,.186,.563,0,0,,moodymo01
138,Jusuf Nurkić,31,UTA,C,13,8,314,.372,10.1,.745,.213,.500,.032,.000,.255,.443,.550,.404,.333,,.167,.516,1.000,.043,3,.000,,0,0,,nurkiju01
139,Collin Sexton,27,CHO,SG,12,9,314,.480,13.4,.648,.264,.232,.080,.072,.352,.506,.788,.345,.300,.222,.432,.415,.737,.000,0,.136,.500,0,0,,sextoco01
140,Norman Powell,32,MIA,SG,10,10,313,.482,14.6,.555,.195,.268,.055,.037,.445,.484,.563,.455,.444,.333,.479,.477,.857,.018,2,.205,.400,0,0,,powelno01
141,Kel'el Ware,21,MIA,C,13,10,312,.524,10.5,.667,.381,.238,.038,.010,.333,.600,.725,.440,.250,1.000,.371,.786,1.000,.210,20,.429,.400,0,0,,wareke01
142,Jarrett Allen,27,CLE,C,12,12,311,.587,5.4,.967,.339,.537,.083,.008,.033,.607,.780,.508,.500,1.000,.000,.817,,.215,24,.750,.000,0,0,,allenja01
143,Isaac Okoro,25,CHI,SG,12,12,310,.443,12.4,.532,.430,.089,.013,.000,.468,.500,.588,.143,.000,,.378,.667,1.000,.038,3,.703,.385,0,0,,okorois01
144,Ron Holland,20,DET,SF,13,4,309,.386,13.1,.605,.184,.325,.053,.044,.395,.449,.571,.459,.167,.200,.289,.484,1.000,.096,10,.622,.321,0,0,,hollaro01
145,D'Angelo Russell,29,DAL,PG,14,3,308,.382,16.7,.539,.079,.250,.158,.053,.461,.500,.667,.474,.500,.375,.243,.341,.824,.000,0,.143,.200,0,0,,russeda01
146,Mark Williams,24,PHO,C,12,9,305,.614,4.1,1.000,.477,.443,.080,.000,.000,.614,.714,.513,.571,,,.778,,.295,24,,,0,0,,willima07
147,Sam Hauser,28,BOS,PF,14,2,301,.313,24.9,.115,.000,.021,.031,.063,.885,.182,,.000,.333,.167,.329,1.000,.893,.000,0,.129,.273,0,0,,hausesa01
148,Keldon Johnson,26,SAS,SF,13,0,301,.558,8.0,.731,.587,.135,.000,.010,.269,.671,.705,.500,,1.000,.250,.569,.857,.115,11,.821,.217,0,0,,johnske04
149,Moussa Diabaté,24,CHO,C,13,1,300,.667,3.3,1.000,.600,.347,.040,.013,.000,.667,.756,.577,.333,.000,,.700,,.253,16,,,0,0,,diabamo01
150,Zaccharie Risacher,20,ATL,SF,12,12,297,.477,14.7,.547,.305,.141,.039,.063,.453,.586,.667,.556,.600,.250,.345,.756,.900,.102,11,.224,.462,0,0,,risacza01
151,Chet Holmgren,23,OKC,PF,10,10,296,.576,13.3,.653,.254,.212,.127,.059,.347,.675,.800,.600,.533,.714,.390,.692,.875,.119,12,.098,.250,0,0,,holmgch01
152,Tre Mann,24,CHO,PG,13,1,295,.359,16.5,.510,.138,.214,.131,.028,.490,.405,.600,.323,.263,.750,.310,.267,.818,.014,2,.225,.500,0,0,,manntr01
153,Javonte Green,32,DET,SG,13,3,294,.363,15.6,.475,.225,.200,.025,.025,.525,.421,.611,.313,.000,.000,.310,.813,1.000,.088,6,.333,.357,0,0,,greenja02
154,Ausar Thompson,23,DET,SF,10,10,291,.504,7.5,.887,.330,.435,.096,.026,.113,.529,.579,.540,.364,.333,.308,.556,1.000,.165,16,.308,.500,0,0,,thompau01
155,Derik Queen,21,NOP,C,13,1,290,.486,7.2,.905,.400,.343,.114,.048,.095,.526,.738,.389,.417,.000,.100,.420,.000,.076,8,.100,.000,0,0,,queende01
156,Bobby Portis,30,MIL,PF,14,0,286,.470,15.5,.624,.145,.197,.179,.103,.376,.493,.765,.522,.381,.250,.432,.778,1.000,.017,2,.227,.500,0,0,,portibo01
157,Nikola Jović,22,MIA,PF,13,1,284,.411,15.3,.505,.211,.253,.021,.021,.495,.521,.600,.500,.500,.000,.298,.640,1.000,.011,1,.149,.143,0,0,,jovicni01
158,Dean Wade,29,CLE,PF,13,2,284,.369,19.3,.262,.200,.000,.046,.015,.738,.529,.615,,.333,.000,.313,.778,.933,.046,3,.375,.278,0,0,,wadede01
159,Jaylon Tyson,23,CLE,SG,11,7,284,.489,15.9,.422,.233,.167,.011,.011,.578,.526,.762,.267,.000,.000,.462,.650,1.000,.111,6,.365,.421,0,0,,tysonja01
160,Sam Merrill,29,CLE,SG,11,7,283,.443,22.9,.151,.057,.028,.038,.028,.849,.563,1.000,.333,.000,.667,.422,.778,.895,.000,0,.144,.462,0,0,,merrisa01
161,Klay Thompson,35,DAL,SF,13,7,281,.338,21.9,.254,.031,.046,.054,.123,.746,.394,.500,.167,.143,.563,.320,.846,.903,.000,0,.216,.333,0,0,,thompkl01
162,Tim Hardaway Jr.,33,DEN,SG,12,1,280,.480,19.9,.316,.102,.112,.041,.061,.684,.452,.600,.273,.500,.500,.493,.786,.939,.020,1,.209,.571,0,0,,hardati02
163,Pelle Larsson,24,MIA,SG,13,10,279,.548,14.4,.524,.190,.286,.048,.000,.476,.705,.938,.583,.500,,.375,.613,1.000,.048,4,.250,.300,0,0,,larsspe01
164,Tyrese Martin,26,BRK,SG,13,2,275,.371,17.1,.412,.186,.186,.031,.010,.588,.475,.722,.333,.000,.000,.298,.421,.941,.031,3,.228,.308,0,0,,martity01
165,Reed Sheppard,21,HOU,PG,12,0,275,.491,20.1,.395,.035,.149,.132,.079,.605,.511,.750,.529,.400,.556,.478,.348,.758,.009,1,.188,.462,0,0,,sheppre01
166,Luke Kennard,29,ATL,SG,12,0,274,.486,17.5,.417,.167,.111,.069,.069,.583,.567,.583,.375,.600,.800,.429,.647,1.000,.000,0,.333,.500,0,0,,kennalu01
167,Kris Murray,25,POR,SF,12,0,273,.482,10.1,.661,.500,.161,.000,.000,.339,.568,.643,.333,,,.316,.762,1.000,.125,7,.474,.333,0,0,,murrakr01
168,Anthony Edwards,24,MIN,SG,9,9,273,.476,15.9,.571,.176,.171,.124,.100,.429,.526,.767,.414,.381,.471,.411,.373,.533,.047,8,.027,.500,0,0,,edwaran01
169,Josh Hart,30,NYK,SF,11,0,272,.463,13.4,.575,.350,.088,.100,.038,.425,.543,.714,.286,.375,.000,.353,.680,.833,.038,3,.412,.357,0,0,,hartjo01
170,Josh Okogie,27,HOU,SG,12,10,271,.492,14.8,.444,.302,.143,.000,.000,.556,.536,.684,.222,,,.457,.533,1.000,.127,5,.514,.500,0,0,,okogijo01
171,Bruce Brown,29,DEN,SG,12,0,270,.426,11.3,.691,.279,.294,.088,.029,.309,.426,.632,.300,.333,.000,.429,.600,1.000,.000,0,.333,.429,0,0,,brownbr01
172,Cameron Johnson,29,DEN,SF,11,11,269,.372,15.3,.513,.244,.141,.051,.077,.487,.525,.737,.273,.000,.667,.211,.667,.875,.038,2,.263,.200,0,0,,johnsca02
173,Patrick Williams,24,CHI,PF,12,0,267,.446,17.6,.392,.203,.149,.041,.000,.608,.483,.600,.364,.333,,.422,.286,.895,.068,4,.267,.500,0,0,,willipa01
174,Malik Monk,27,SAC,SG,11,0,267,.456,16.4,.561,.105,.219,.175,.061,.439,.469,.667,.360,.500,.429,.440,.500,.818,.026,3,.200,.300,0,0,,monkma01
175,Mike Conley,38,MIN,PG,13,4,266,.421,18.6,.333,.123,.175,.018,.018,.667,.316,.429,.200,1.000,.000,.474,.833,.944,.000,0,.184,.429,0,0,,conlemi01
176,Peyton Watson,23,DEN,SF,12,2,266,.438,9.3,.719,.406,.281,.016,.016,.281,.522,.654,.333,.000,1.000,.222,.833,1.000,.234,13,.389,.429,0,0,,watsope01
177,Keon Ellis,26,SAC,SG,14,2,263,.453,20.5,.280,.093,.080,.067,.040,.720,.476,.714,.667,.200,.000,.444,.600,.958,.067,4,.370,.450,0,0,,elliske01
178,Josh Minott,23,BOS,PF,13,9,263,.461,14.9,.487,.250,.184,.039,.013,.513,.595,.842,.357,.333,.000,.333,.682,.923,.184,12,.385,.333,0,0,,minotjo01
179,Cam Spencer,25,MEM,SG,14,1,262,.419,20.8,.302,.058,.093,.105,.047,.698,.346,.400,.250,.333,.500,.450,.556,.852,.000,0,.117,.571,0,0,,spencca01
180,Ace Bailey,19,UTA,SF,13,4,261,.414,15.3,.596,.192,.162,.071,.172,.404,.475,.684,.500,.286,.294,.325,.714,.846,.131,12,.300,.333,0,0,,baileac01
181,Kyle Filipowski,22,UTA,C,13,5,258,.412,13.1,.588,.118,.400,.071,.000,.412,.480,.600,.471,.333,,.314,.750,1.000,.082,5,.400,.500,0,0,,filipky01
182,Jarred Vanderbilt,26,LAL,PF,14,2,257,.440,8.5,.720,.540,.160,.000,.020,.280,.500,.630,.125,,.000,.286,.556,1.000,.200,8,.929,.308,0,0,,vandeja01
183,Tari Eason,24,HOU,PF,11,1,255,.495,16.8,.442,.242,.084,.053,.063,.558,.476,.739,.250,.200,.000,.509,.300,.963,.063,6,.472,.640,1,1,,easonta01
184,Ayo Dosunmu,26,CHI,SG,10,0,254,.524,12.1,.602,.350,.204,.029,.019,.398,.565,.611,.476,.667,.500,.463,.429,1.000,.029,2,.439,.500,0,0,,dosunay01
185,Cole Anthony,25,MIL,PG,13,0,253,.431,14.2,.681,.112,.284,.241,.043,.319,.494,.615,.455,.429,.800,.297,.205,.636,.000,0,.270,.300,0,0,,anthoco01
186,Lonzo Ball,28,CLE,PG,11,2,253,.354,22.4,.185,.092,.046,.031,.015,.815,.417,.500,.333,.500,.000,.340,.200,.722,.015,1,.075,.500,0,0,,balllo01
187,Buddy Hield,33,GSW,SG,15,0,252,.425,18.9,.356,.149,.138,.046,.023,.644,.613,.692,.583,.750,.000,.321,.632,.889,.000,0,.125,.571,0,0,,hieldbu01
188,Ziaire Williams,24,BRK,SF,11,0,251,.395,19.5,.256,.140,.105,.012,.000,.744,.636,.833,.444,.000,,.313,.500,.950,.047,4,.375,.125,0,0,,willizi02
189,Landry Shamet,28,NYK,SG,12,3,249,.487,19.6,.263,.158,.026,.079,.000,.737,.600,.667,.000,.667,,.446,.583,1.000,.013,1,.500,.500,0,0,,shamela01
190,Khris Middleton,34,WAS,SF,10,10,248,.475,15.3,.650,.163,.150,.213,.125,.350,.558,.692,.333,.529,.700,.321,.552,.778,.000,0,.214,.333,0,0,,middlkh01
191,Aaron Wiggins,27,OKC,SG,9,5,248,.459,15.3,.459,.243,.171,.036,.009,.541,.510,.593,.421,.500,.000,.417,.615,.920,.036,4,.300,.444,0,0,,wiggiaa01
192,Corey Kispert,26,WAS,SF,13,0,247,.500,18.5,.347,.181,.139,.028,.000,.653,.720,.846,.500,1.000,,.383,.722,.944,.028,2,.213,.400,0,0,,kispeco01
193,Jaylin Williams,23,OKC,PF,13,1,247,.338,23.1,.113,.085,.014,.000,.014,.887,.875,.833,1.000,,1.000,.270,1.000,1.000,.028,2,.175,.091,0,0,,willija07
194,Brandon Williams,26,DAL,PG,12,4,247,.447,10.3,.728,.350,.262,.087,.029,.272,.560,.694,.444,.333,.667,.143,.333,1.000,.039,4,.250,.143,0,0,,willibr03
195,Simone Fontecchio,30,MIA,SF,13,0,246,.500,19.3,.302,.146,.115,.010,.031,.698,.517,.571,.455,.000,.667,.493,.867,.970,.021,1,.254,.588,0,0,,fontesi01
196,Dalton Knecht,24,LAL,SF,13,1,246,.464,17.5,.452,.143,.119,.167,.024,.548,.632,.750,.600,.500,1.000,.326,.625,.933,.095,7,.239,.273,0,0,,knechda01
197,Egor Demin,19,BRK,PG,12,5,246,.373,21.5,.253,.120,.040,.040,.053,.747,.421,.444,.667,.333,.250,.357,.500,.850,.027,0,.125,.429,0,0,,demineg01
198,Luguentz Dort,26,OKC,SF,8,8,245,.310,18.2,.345,.207,.086,.034,.017,.655,.500,.667,.000,1.000,.000,.211,.500,1.000,.069,4,.289,.182,0,0,,dortlu01
199,Bam Adebayo,28,MIA,C,8,8,243,.452,14.2,.621,.145,.258,.194,.024,.379,.519,.722,.500,.417,.333,.340,.725,1.000,.081,10,.426,.400,0,0,,adebaba01
200,Isaiah Jackson,24,IND,C,13,9,242,.554,3.6,1.000,.581,.365,.027,.027,.000,.554,.628,.519,.000,.000,,.610,,.122,8,,,0,0,,jacksis01
201,Craig Porter Jr.,25,CLE,PG,14,0,239,.500,14.1,.583,.250,.167,.150,.017,.417,.543,.733,.500,.222,1.000,.440,.474,.727,.033,2,.240,.333,0,0,,portecr01
202,Steven Adams,32,HOU,C,11,2,239,.510,1.6,1.000,.755,.245,.000,.000,.000,.510,.568,.333,,,,.400,,.163,7,,,0,0,,adamsst01
203,Dillon Brooks,30,PHO,SF,8,8,239,.459,16.5,.541,.141,.163,.163,.074,.459,.562,.684,.364,.636,.600,.339,.341,.857,.015,2,.177,.273,0,0,,brookdi01
204,Will Richard,23,GSW,SG,13,4,237,.566,16.3,.421,.211,.171,.013,.026,.579,.781,.938,.615,.000,1.000,.409,.640,.944,.026,2,.386,.412,0,0,,richawi02
205,Andre Drummond,32,PHI,C,11,3,236,.593,7.2,.763,.559,.186,.017,.000,.237,.644,.758,.273,1.000,,.429,.552,1.000,.153,8,.786,.455,0,0,,drumman01
206,Goga Bitadze,26,ORL,C,14,0,235,.698,6.0,.860,.581,.209,.047,.023,.140,.757,.840,.667,.500,.000,.333,.643,1.000,.279,11,.333,.500,0,0,,bitadgo01
207,Jose Alvarado,27,NOP,PG,12,0,235,.431,18.6,.347,.097,.208,.042,.000,.653,.440,.714,.333,.333,,.426,.455,.500,.000,0,.234,.273,0,0,,alvarjo01
208,Jamal Shead,23,TOR,PG,13,0,233,.431,16.7,.431,.169,.215,.046,.000,.569,.429,.636,.214,.667,,.432,.333,.813,.000,0,.135,.400,0,0,,sheadja01
209,Isaiah Joe,26,OKC,SG,9,0,232,.430,22.1,.204,.065,.032,.065,.043,.796,.526,.667,.667,.500,.250,.405,.900,.933,.000,0,.284,.429,0,0,,joeis01
210,Kristaps Porziņģis,30,ATL,C,9,9,232,.430,15.6,.605,.193,.167,.105,.140,.395,.507,.545,.474,.500,.500,.311,.571,1.000,.088,8,.111,.600,0,0,,porzikr01
211,Mouhamed Gueye,23,ATL,PF,14,2,231,.500,13.8,.528,.264,.167,.083,.014,.472,.684,.895,.667,.167,.000,.294,.962,1.000,.194,13,.706,.292,0,0,,gueyemo02
212,Nicolas Batum,37,LAC,PF,13,2,230,.320,23.2,.100,.040,.000,.020,.040,.900,.400,.500,,.000,.500,.311,.500,1.000,.000,0,.489,.318,0,0,,batumni01
213,Isaiah Stewart,24,DET,C,10,3,230,.494,11.2,.635,.294,.329,.012,.000,.365,.556,.720,.429,.000,,.387,.767,1.000,.118,9,.387,.333,0,0,,stewais01
214,Miles McBride,25,NYK,SG,10,2,228,.395,19.7,.342,.105,.053,.105,.079,.658,.423,.875,.250,.125,.333,.380,.364,.895,.000,0,.320,.375,0,0,,mcbrimi01
215,LaMelo Ball,24,CHO,PG,7,7,227,.419,17.7,.488,.109,.209,.147,.023,.512,.508,.786,.333,.526,.667,.333,.125,.727,.000,0,.121,.375,0,0,,ballla01
216,Cam Thomas,24,BRK,SG,8,8,226,.402,15.6,.659,.098,.205,.220,.136,.341,.425,.462,.370,.552,.278,.356,.432,.563,.008,1,.089,.500,0,0,,thomaca02
217,Jakob Poeltl,30,TOR,C,9,9,222,.707,3.8,1.000,.621,.241,.138,.000,.000,.707,.806,.643,.375,,,.829,,.121,7,,,0,0,,poeltja01
218,Cam Whitmore,21,WAS,SF,13,0,221,.455,12.6,.657,.313,.242,.030,.071,.343,.523,.742,.375,.333,.143,.324,.559,.545,.141,10,.088,.000,0,0,,whitmca01
219,Jalen Suggs,24,ORL,PG,10,10,221,.538,17.4,.423,.192,.128,.077,.026,.577,.727,.867,.600,.500,1.000,.400,.375,.833,.038,2,.156,.429,0,0,,suggsja01
220,Oso Ighodaro,23,PHO,PF,14,4,220,.520,5.5,1.000,.320,.520,.160,.000,.000,.520,.875,.308,.500,,,.846,,.220,10,,,0,0,,ighodos01
221,Dru Smith,28,MIA,SG,13,0,217,.468,13.5,.565,.177,.355,.032,.000,.435,.571,.909,.409,.500,,.333,.500,.889,.000,0,.407,.273,0,0,,smithdr01
222,Sandro Mamukelashvili,26,TOR,C,12,0,217,.594,12.4,.580,.391,.188,.000,.000,.420,.700,.852,.385,,,.448,.714,1.000,.087,6,.103,.333,0,0,,mamuksa01
223,Al Horford,39,GSW,C,10,0,216,.339,20.4,.271,.051,.153,.051,.017,.729,.375,.333,.444,.333,.000,.326,.667,1.000,.000,0,.326,.643,0,0,,horfoal01
224,Gradey Dick,22,TOR,SG,13,0,215,.419,17.4,.405,.189,.081,.108,.027,.595,.533,.643,.333,.500,.500,.341,.875,1.000,.041,3,.386,.471,0,0,,dickgr01
225,Quinten Post,25,GSW,PF,15,7,214,.441,20.4,.279,.088,.103,.044,.044,.721,.632,.833,.571,.667,.333,.367,.583,1.000,.044,3,.224,.455,0,0,,postqu01
226,Jordan Poole,26,NOP,PG,7,4,212,.354,18.0,.404,.212,.111,.061,.020,.596,.375,.429,.364,.333,.000,.339,.400,.550,.000,0,.085,.600,0,0,,poolejo01
227,Vit Krejci,25,ATL,PG,10,0,211,.542,20.6,.250,.111,.111,.014,.014,.750,.722,.750,.750,.000,1.000,.481,.769,.923,.028,1,.222,.333,0,0,,krejcvi01
228,Keaton Wallace,26,ATL,PG,13,2,209,.426,18.9,.426,.019,.185,.185,.037,.574,.435,1.000,.500,.300,.500,.419,.200,.846,.000,0,.129,.500,0,0,,wallake01
229,Jordan Clarkson,33,NYK,SG,12,0,207,.467,16.0,.467,.185,.163,.109,.011,.533,.558,.647,.733,.200,.000,.388,.500,.895,.022,2,.286,.286,0,0,,clarkjo01
230,Daniel Gafford,27,DAL,C,9,9,207,.661,3.0,1.000,.661,.321,.000,.018,.000,.661,.730,.500,,1.000,,.622,,.304,12,,,0,0,,gaffoda01
231,Drew Eubanks,28,SAC,C,14,3,205,.661,5.6,.982,.321,.554,.089,.018,.018,.673,.889,.581,.600,.000,.000,.919,,.286,15,1.000,.000,0,0,,eubandr01
232,Collin Murray-Boyles,20,TOR,PF,10,3,204,.508,10.0,.723,.492,.138,.031,.062,.277,.511,.656,.222,.500,.000,.500,.792,1.000,.108,5,.167,.333,0,0,,murraco01
233,Kawhi Leonard,34,LAC,SF,6,6,201,.505,15.5,.667,.076,.219,.267,.105,.333,.557,.750,.609,.536,.364,.400,.308,.643,.019,2,.143,.400,0,0,,leonaka01
234,Brook Lopez,37,LAC,C,13,0,199,.425,21.5,.301,.041,.137,.110,.014,.699,.591,.333,.700,.625,.000,.353,.615,1.000,.027,2,.098,.000,0,0,,lopezbr01
235,Jay Huff,27,IND,C,13,2,194,.368,18.4,.324,.206,.118,.000,.000,.676,.591,.786,.250,,,.261,.769,1.000,.147,8,.152,.143,0,0,,huffja01
236,Trendon Watford,25,PHI,PF,9,4,194,.525,8.9,.797,.322,.407,.034,.034,.203,.553,.579,.583,.000,.500,.417,.538,1.000,.034,2,.333,.250,0,0,,watfotr01
237,Tobias Harris,33,DET,PF,6,6,193,.394,13.4,.606,.169,.338,.085,.014,.394,.465,.500,.500,.167,1.000,.286,.450,1.000,.056,3,.429,.250,0,0,,harrito02
238,Nique Clifford,23,SAC,SG,10,2,192,.333,15.3,.549,.098,.294,.137,.020,.451,.393,1.000,.400,.000,.000,.261,.545,.833,.020,1,.261,.167,0,0,,cliffni01
239,Marvin Bagley III,26,WAS,PF,13,0,190,.655,5.1,.897,.603,.293,.000,.000,.103,.673,.771,.471,,,.500,.543,1.000,.207,12,.167,1.000,0,0,,baglema01
240,Jalen Smith,25,CHI,C,12,0,190,.483,15.3,.449,.326,.101,.000,.022,.551,.600,.724,.333,,.000,.388,.667,1.000,.067,5,.163,.500,0,0,,smithja04
241,Day'Ron Sharpe,24,BRK,C,12,0,189,.622,8.0,.778,.444,.333,.000,.000,.222,.714,1.000,.333,,,.300,.520,1.000,.178,6,.100,.000,0,0,,sharpda01
242,Tony Bradley,28,IND,C,13,3,186,.640,4.1,.980,.560,.360,.020,.040,.020,.653,.643,.611,1.000,1.000,.000,.688,,.060,3,1.000,.000,0,0,,bradlto01
243,Luka Garza,27,BOS,C,13,0,185,.574,11.8,.656,.328,.213,.098,.016,.344,.675,.700,.615,.667,1.000,.381,.593,1.000,.016,1,.238,.400,0,0,,garzalu01
244,Jaxson Hayes,25,LAL,C,11,1,185,.686,2.9,.971,.714,.257,.000,.000,.029,.676,.800,.333,,,1.000,.826,1.000,.571,16,.000,,0,0,,hayesja02
245,Jordan Goodwin,27,PHO,PG,11,0,184,.429,17.0,.476,.175,.095,.127,.079,.524,.467,.818,.167,.375,.200,.394,.429,.846,.000,0,.424,.429,0,0,,goodwjo01
246,Alex Caruso,31,OKC,SG,10,0,183,.385,18.4,.327,.115,.173,.038,.000,.673,.412,.500,.333,.500,,.371,.714,1.000,.077,3,.200,.286,0,0,,carusal01
247,Bogdan Bogdanović,33,LAC,SG,7,2,183,.404,19.5,.386,.123,.088,.123,.053,.614,.455,.714,.400,.286,.333,.371,.100,.615,.000,0,.057,1.000,0,0,,bogdabo01
248,Larry Nance Jr.,33,CLE,PF,12,1,181,.340,13.5,.509,.358,.132,.019,.000,.491,.407,.526,.000,1.000,,.269,.818,1.000,.151,7,.462,.417,0,0,,nancela02
249,Caris LeVert,31,DET,SG,9,0,181,.508,15.6,.557,.213,.148,.148,.049,.443,.559,.846,.556,.222,.333,.444,.632,.500,.066,4,.111,.333,0,0,,leverca01
250,Tyus Jones,29,ORL,PG,14,1,178,.257,16.5,.457,.143,.257,.029,.029,.543,.438,.400,.333,1.000,1.000,.105,.429,1.000,.000,0,.316,.167,0,0,,jonesty01
251,Jaylen Clark,24,MIN,SG,11,0,178,.463,12.5,.561,.317,.195,.049,.000,.439,.522,.538,.625,.000,,.389,.417,1.000,.098,4,.833,.467,0,0,,clarkja02
252,Walter Clayton,22,UTA,PG,11,0,178,.407,17.7,.463,.056,.278,.074,.056,.537,.480,.667,.533,.250,.333,.345,.167,.800,.019,1,.034,.000,0,0,,claytwa01
253,Adem Bona,22,PHI,C,12,3,177,.450,2.9,.950,.700,.250,.000,.000,.050,.474,.571,.200,,,.000,.333,,.350,6,1.000,.000,0,0,,bonaad01
254,Brice Sensabaugh,22,UTA,SF,12,0,174,.457,21.0,.284,.037,.099,.123,.025,.716,.696,1.000,.750,.500,1.000,.362,.813,.952,.000,0,.241,.500,0,0,,sensabr01
255,Vince Williams Jr.,25,MEM,SG,9,1,174,.397,19.1,.328,.121,.121,.069,.017,.672,.474,.571,.286,.750,.000,.359,.333,.786,.034,1,.179,.429,0,0,,willivi01
256,Jalen Wilson,25,BRK,PF,11,0,173,.396,18.9,.321,.132,.151,.019,.019,.679,.294,.286,.250,1.000,.000,.444,.600,1.000,.000,0,.333,.333,0,0,,wilsoja03
257,Jordan Walsh,21,BOS,PF,10,2,173,.462,12.4,.564,.385,.179,.000,.000,.436,.500,.533,.429,,,.412,.636,1.000,.205,4,.353,.333,0,0,,walshjo01
258,De'Aaron Fox,28,SAS,PG,5,5,171,.512,13.9,.619,.214,.226,.131,.048,.381,.596,.889,.474,.455,.250,.375,.387,.583,.000,0,.125,.750,0,0,,foxde01
259,Taurean Prince,31,MIL,SF,8,0,169,.447,19.8,.263,.105,.105,.000,.053,.737,.500,.750,.250,,.500,.429,.800,1.000,.026,1,.464,.385,0,0,,princta02
260,Jordan Hawkins,23,NOP,SG,12,0,168,.288,20.0,.407,.068,.085,.085,.169,.593,.333,.750,.000,.400,.300,.257,.750,.889,.051,1,.114,.500,0,0,,hawkijo01
261,Andrew Nembhard,26,IND,PG,6,6,168,.398,18.0,.554,.060,.157,.169,.169,.446,.457,.800,.462,.357,.429,.324,.286,.583,.012,1,.054,.000,0,0,,nembhan01
262,Jeremiah Robinson-Earl,25,IND,PF,8,3,167,.378,11.2,.667,.378,.178,.067,.044,.333,.467,.647,.125,.333,.500,.200,.500,1.000,.022,1,.533,.250,0,0,,robinje02
263,RayJ Dennis,24,IND,PG,11,0,161,.314,17.6,.471,.114,.200,.129,.029,.529,.303,.375,.286,.333,.000,.324,.600,.750,.000,0,.162,.000,0,0,,dennira01
264,Zion Williamson,25,NOP,PF,5,5,157,.487,4.2,1.000,.462,.462,.077,.000,.000,.487,.611,.361,.500,,,.447,,.077,6,,,0,0,,willizi01
265,Daniss Jenkins,24,DET,PG,8,2,156,.469,14.2,.688,.125,.313,.188,.063,.313,.432,.750,.450,.167,.500,.550,.316,1.000,.031,1,.150,.667,1,1,,jenkida01
266,Jabari Walker,23,PHI,PF,12,5,154,.432,10.0,.676,.432,.189,.027,.027,.324,.560,.563,.571,.000,1.000,.167,.286,1.000,.000,0,.250,.000,0,0,,walkeja01
267,Walker Kessler,24,UTA,C,5,5,154,.703,7.5,.784,.459,.324,.000,.000,.216,.690,.647,.750,,,.750,.600,1.000,.270,9,.250,1.000,0,0,,kesslwa01
268,Yves Missi,21,NOP,C,8,4,153,.633,2.5,1.000,.700,.267,.033,.000,.000,.633,.714,.500,.000,,,.737,,.200,4,,,0,0,,missiyv01
269,Jonas Valančiūnas,33,DEN,C,12,0,151,.556,8.0,.917,.292,.403,.181,.042,.083,.576,.667,.586,.538,.000,.333,.500,1.000,.069,4,.000,,0,0,,valanjo01
270,Anthony Davis,32,DAL,PF,5,5,149,.520,9.9,.853,.333,.240,.133,.147,.147,.563,.760,.500,.500,.273,.273,.472,.667,.133,9,.182,.000,0,0,,davisan02
271,Taylor Hendricks,22,UTA,PF,9,3,148,.375,12.6,.575,.275,.250,.050,.000,.425,.478,.545,.300,1.000,,.235,.818,1.000,.125,5,.529,.444,0,0,,hendrta01
272,Nick Richards,28,PHO,C,14,1,145,.556,5.5,1.000,.389,.389,.167,.056,.000,.556,.786,.357,.500,.500,,.750,,.250,9,,,0,0,,richani01
273,Tyrese Proctor,21,CLE,PG,12,0,142,.339,19.6,.339,.113,.113,.081,.032,.661,.429,.571,.143,.600,.500,.293,.222,.833,.016,1,.122,.400,0,0,,proctty01
274,Paul Reed,26,DET,C,11,2,141,.686,7.2,.863,.392,.373,.059,.039,.137,.705,.800,.632,.667,.500,.571,.774,.750,.176,8,.000,,0,0,,reedpa01
275,Joel Embiid,31,PHI,C,6,6,140,.460,14.4,.678,.230,.149,.161,.138,.322,.525,.650,.615,.286,.500,.321,.548,.889,.023,0,.000,,0,0,,embiijo01
276,Dylan Harper,19,SAS,SG,6,0,140,.500,8.6,.781,.500,.188,.063,.031,.219,.540,.625,.417,.250,.500,.357,.222,1.000,.016,1,.214,.667,0,0,,harpedy01
277,Trae Young,27,ATL,PG,5,5,139,.371,14.6,.629,.186,.243,.143,.057,.371,.477,.538,.471,.500,.250,.192,.238,.400,.000,0,.192,.400,0,0,,youngtr01
278,Gary Payton II,33,GSW,SG,14,0,138,.417,12.4,.556,.417,.139,.000,.000,.444,.600,.667,.400,,,.188,.833,1.000,.056,2,.313,.400,0,0,,paytoga02
279,John Konchar,29,MEM,SG,12,0,138,.545,16.5,.364,.273,.091,.000,.000,.636,.750,.833,.500,,,.429,.833,1.000,.000,0,.500,.429,0,0,,konchjo01
280,Luke Kornet,30,SAS,C,6,1,138,.806,1.3,1.000,.903,.097,.000,.000,.000,.806,.821,.667,,,,.760,,.419,12,,,0,0,,kornelu01
281,Hugo González,19,BOS,SF,11,1,136,.452,12.2,.677,.290,.290,.000,.097,.323,.429,.667,.222,,.333,.500,.333,1.000,.065,1,.400,.750,0,0,,gonzahu01
282,Justin Edwards,22,PHI,SF,10,1,136,.511,20.9,.277,.064,.106,.064,.043,.723,.615,1.000,.400,.333,1.000,.471,.500,.938,.043,2,.265,.444,0,0,,edwarju01
283,Isaiah Collier,21,UTA,PG,5,1,131,.600,8.4,.833,.200,.533,.100,.000,.167,.640,.833,.625,.333,,.400,.375,1.000,.000,0,.200,.000,0,0,,colliis01
284,Ousmane Dieng,22,OKC,C,11,0,130,.314,15.6,.543,.143,.229,.086,.086,.457,.421,.600,.250,.333,.667,.188,.500,.667,.029,1,.250,.000,0,0,,diengou01
285,Amir Coffey,28,MIL,SG,13,0,128,.421,14.2,.579,.211,.211,.105,.053,.421,.545,1.000,.250,.500,.000,.250,.333,1.000,.053,1,.875,.143,0,0,,coffeam01
286,Jonathan Isaac,28,ORL,PF,13,0,126,.379,15.6,.379,.310,.034,.000,.034,.621,.636,.667,1.000,,.000,.222,.429,1.000,.241,6,.833,.200,0,0,,isaacjo01
287,Ochai Agbaji,25,TOR,SG,9,1,125,.360,12.6,.520,.480,.040,.000,.000,.480,.615,.667,.000,,,.083,.875,1.000,.160,3,.500,.000,0,0,,agbajoc01
288,Drake Powell,20,BRK,SG,7,0,124,.529,14.1,.676,.206,.147,.235,.088,.324,.565,.714,.800,.250,.667,.455,.308,.800,.029,1,.091,.000,0,0,,poweldr01
289,Rob Dillingham,21,MIN,PG,11,0,123,.408,11.3,.796,.265,.286,.102,.143,.204,.436,.615,.357,.800,.000,.300,.353,.667,.000,0,.200,.000,0,0,,dilliro01
290,Bilal Coulibaly,21,WAS,SG,5,5,123,.364,12.6,.614,.295,.250,.045,.023,.386,.407,.769,.091,.000,.000,.294,.364,1.000,.205,7,.294,.400,0,0,,coulibi01
291,Bradley Beal,32,LAC,SG,6,6,121,.375,16.1,.604,.125,.146,.208,.125,.396,.379,.500,.571,.200,.333,.368,.727,1.000,.000,0,.211,.250,0,0,,bealbr01
292,Ja'Kobe Walter,21,TOR,SG,10,0,119,.323,20.3,.290,.097,.129,.065,.000,.710,.444,.333,.750,.000,,.273,1.000,1.000,.032,1,.091,.500,0,0,,walteja01
293,Precious Achiuwa,26,SAC,C,7,4,118,.548,9.1,.742,.355,.355,.032,.000,.258,.739,.818,.727,.000,,.000,.647,,.129,2,.750,.000,0,0,,achiupr01
294,Jaden Hardy,23,DAL,SG,11,0,117,.400,18.2,.378,.067,.178,.111,.022,.622,.412,.667,.500,.200,.000,.393,.429,.818,.000,0,.250,.429,0,0,,hardyja02
295,Karlo Matković,24,NOP,PF,11,0,115,.688,6.2,.813,.625,.188,.000,.000,.188,.769,.900,.333,,,.333,.750,1.000,.531,16,.333,.500,0,0,,matkoka01
296,Terrence Shannon Jr.,25,MIN,SG,7,0,115,.321,12.7,.607,.321,.214,.071,.000,.393,.294,.444,.167,.000,,.364,.200,.250,.036,1,.455,.200,0,0,,shannte01
297,Caleb Martin,30,DAL,SF,12,0,112,.278,13.5,.667,.278,.167,.000,.222,.333,.333,.600,.000,,.250,.167,1.000,1.000,.222,2,.833,.200,0,0,,martica02
298,Liam McNeeley,20,CHO,SF,9,0,112,.310,18.1,.379,.103,.241,.034,.000,.621,.273,.667,.143,.000,,.333,1.000,1.000,.000,0,.333,.333,0,0,,mcneeli01
299,Jeremy Sochan,22,SAS,PF,7,0,109,.630,10.2,.630,.519,.111,.000,.000,.370,.706,.714,.667,,,.500,.750,1.000,.296,5,.500,.600,0,0,,sochaje01
300,Clint Capela,31,HOU,C,11,0,108,.640,2.1,1.000,.720,.280,.000,.000,.000,.640,.778,.286,,,,.625,,.400,9,,,0,0,,capelca01
301,Moussa Cisse,23,DAL,C,10,0,108,.750,1.4,1.000,.875,.125,.000,.000,.000,.750,.762,.667,,,,.778,,.583,13,,,0,0,,cissemo01
302,Bronny James,21,LAL,SG,9,1,107,.269,15.4,.615,.115,.192,.231,.077,.385,.313,.667,.000,.500,.000,.200,.800,1.000,.038,1,.400,.000,0,0,,jamesbr02
303,Guerschon Yabusele,30,NYK,C,11,0,106,.323,18.6,.290,.226,.032,.032,.000,.710,.333,.429,.000,.000,,.318,.667,.857,.032,1,.364,.250,0,0,,yabusgu01
304,Chris Paul,40,LAC,PG,8,0,103,.240,23.0,.240,.000,.080,.080,.080,.760,.167,,.000,.500,.000,.263,.000,.600,.000,0,.105,.500,0,0,,paulch01
305,Justin Champagnie,24,WAS,SF,12,3,101,.320,12.3,.600,.280,.280,.040,.000,.400,.400,.429,.429,.000,,.200,.167,1.000,.080,1,.300,.000,0,0,,champju01
306,Bones Hyland,25,MIN,PG,11,0,101,.514,17.2,.371,.286,.057,.029,.000,.629,.769,.800,.500,1.000,,.364,.300,.500,.000,0,.182,.250,0,0,,hylanbo01
307,Quenton Jackson,27,IND,PG,5,3,101,.541,12.2,.676,.351,.189,.081,.054,.324,.560,.769,.429,.333,.000,.500,.357,1.000,.054,2,.083,.000,0,0,,jacksqu01
308,Baylor Scheierman,25,BOS,SG,10,0,100,.556,20.6,.167,.167,.000,.000,.000,.833,.667,.667,,,,.533,.000,1.000,.000,0,.400,.833,0,0,,scheiba01
309,Trayce Jackson-Davis,25,GSW,C,9,0,100,.536,2.6,1.000,.607,.393,.000,.000,.000,.536,.647,.364,,,,.733,,.393,9,,,0,0,,jackstr02
310,Robert Williams,28,POR,C,8,0,100,.615,4.9,.885,.692,.154,.038,.000,.115,.652,.722,.500,.000,,.333,.600,1.000,.538,11,.667,.000,0,0,,williro04
311,Pat Spencer,29,GSW,PG,9,0,99,.350,13.6,.675,.100,.300,.275,.000,.325,.333,.750,.167,.364,,.385,.222,.600,.025,1,.154,.000,0,0,,spencpa01
312,Javon Small,23,MEM,PG,8,0,99,.357,19.5,.321,.071,.179,.071,.000,.679,.444,1.000,.200,.500,,.316,.750,.667,.000,0,.000,,0,0,,smallja01
313,Kevon Looney,29,NOP,C,7,6,99,.348,10.3,.739,.391,.174,.087,.087,.261,.412,.556,.500,.000,.000,.167,.429,1.000,.000,0,.167,.000,0,0,,looneke01
314,Kevin Love,37,UTA,PF,7,0,99,.360,22.7,.160,.040,.080,.000,.040,.840,.750,1.000,.500,,1.000,.286,.667,1.000,.000,0,.143,.667,0,0,,loveke01
315,Dwight Powell,34,DAL,C,11,0,98,.500,2.6,1.000,.667,.333,.000,.000,.000,.500,.500,.500,,,,.833,,.250,1,,,0,0,,poweldw01
316,Chaz Lanier,24,DET,SG,9,0,98,.333,24.2,.133,.000,.000,.067,.067,.867,.500,,,1.000,.000,.308,.000,.875,.000,0,.192,.200,0,0,,laniech01
317,Blake Wesley,22,POR,SG,6,0,98,.412,12.6,.706,.353,.088,.147,.118,.294,.500,.667,.667,.200,.250,.200,.167,1.000,.000,0,.100,.000,0,0,,weslebl01
318,Cody Williams,21,UTA,SG,8,0,97,.360,13.9,.560,.080,.440,.000,.040,.440,.500,1.000,.455,,.000,.182,.857,1.000,.080,1,.818,.111,0,0,,willico04
319,Ben Saraf,19,BRK,SG,7,5,97,.259,14.0,.519,.296,.148,.074,.000,.481,.286,.250,.250,.500,,.231,.000,1.000,.074,1,.308,.000,0,0,,sarafbe01
320,Mitchell Robinson,27,NYK,C,6,6,97,.579,0.3,1.000,1.000,.000,.000,.000,.000,.579,.579,,,,,.364,,.474,8,,,0,0,,robinmi01
321,Brooks Barnhizer,23,OKC,SG,12,0,96,.462,4.6,.923,.462,.462,.000,.000,.077,.500,.500,.500,,,.000,.333,,.154,1,1.000,.000,0,0,,barnhbr01
322,Micah Peavy,24,NOP,SG,9,0,94,.261,11.8,.609,.391,.130,.087,.000,.391,.357,.444,.333,.000,,.111,.400,1.000,.087,1,.333,.000,0,0,,peavymi01
323,Nigel Hayes-Davis,31,PHO,SF,11,0,93,.429,15.6,.619,.048,.286,.286,.000,.381,.615,1.000,.667,.500,,.125,.375,1.000,.000,0,.000,,0,0,,hayesni01
324,Cam Christie,20,LAC,SG,8,0,92,.433,15.8,.467,.167,.267,.033,.000,.533,.429,1.000,.125,.000,,.438,.500,1.000,.033,1,.250,.500,0,0,,chrisca02
325,Isaiah Livers,27,PHO,PF,8,0,92,.438,22.3,.125,.125,.000,.000,.000,.875,1.000,1.000,,,,.357,.500,1.000,.125,2,.357,.400,0,0,,liveris01
326,KJ Simpson,23,CHO,PG,6,0,90,.351,14.3,.622,.216,.189,.189,.027,.378,.348,.500,.286,.286,.000,.357,.125,1.000,.000,0,.071,1.000,0,0,,simpskj01
327,Nick Smith Jr.,21,LAL,SG,6,0,90,.432,18.8,.514,.054,.108,.243,.108,.486,.421,.500,.500,.333,.500,.444,.125,.625,.000,0,.056,.000,0,0,,smithni01
328,Sidy Cissoko,21,POR,SF,8,0,89,.467,11.0,.667,.267,.333,.067,.000,.333,.600,.750,.600,.000,,.200,.333,1.000,.067,1,.400,.000,0,0,,cissosi01
329,Taelon Peter,23,IND,SG,9,0,87,.250,24.7,.083,.000,.042,.000,.042,.917,.500,,1.000,,.000,.227,.000,.800,.000,0,.409,.111,0,0,,peterta01
330,Pat Connaughton,33,CHO,SG,9,0,85,.462,17.5,.385,.115,.231,.038,.000,.615,.600,.000,1.000,.000,,.375,.667,1.000,.038,1,.375,.500,0,0,,connapa01
331,Jett Howard,22,ORL,SF,10,0,84,.345,20.9,.241,.069,.138,.000,.034,.759,.286,.500,.000,,1.000,.364,.500,1.000,.000,0,.136,.333,0,0,,howarje01
332,Tidjane Salaün,20,CHO,PF,7,0,83,.368,17.3,.368,.158,.211,.000,.000,.632,.429,1.000,.000,,,.333,.667,1.000,.053,1,.167,.000,0,0,,salauti01
333,Obi Toppin,27,IND,PF,3,0,82,.417,14.8,.528,.222,.167,.111,.028,.472,.632,.625,.667,.750,.000,.176,.417,1.000,.139,3,.176,.000,0,0,,toppiob01
334,Asa Newell,20,ATL,PF,8,0,80,.500,13.3,.500,.344,.156,.000,.000,.500,.500,.636,.200,,,.500,.500,1.000,.156,3,.750,.500,0,0,,newelas01
335,Dereck Lively II,21,DAL,C,5,3,80,.643,2.2,1.000,.786,.214,.000,.000,.000,.643,.636,.667,,,,.889,,.500,7,,,0,0,,livelde01
336,Dominick Barlow,22,PHI,PF,3,2,79,.500,10.7,.611,.389,.222,.000,.000,.389,.636,.714,.500,,,.286,.571,1.000,.222,3,.571,.250,0,0,,barlodo01
337,Gui Santos,23,GSW,PF,12,0,77,.429,20.3,.238,.143,.095,.000,.000,.762,.800,.667,1.000,,,.313,1.000,1.000,.000,0,.063,1.000,0,0,,santogu01
338,Branden Carlson,26,OKC,C,9,0,76,.440,14.1,.520,.400,.080,.000,.040,.480,.615,.700,.500,,.000,.250,.750,1.000,.200,5,.083,.000,0,0,,carlsbr01
339,Olivier-Maxence Prosper,23,MEM,PF,9,0,76,.500,9.5,.750,.450,.250,.050,.000,.250,.667,.667,.800,.000,,.000,.900,,.250,5,.400,.000,0,0,,prospol01
340,Chris Boucher,33,BOS,PF,7,0,76,.318,15.7,.455,.273,.136,.000,.045,.545,.600,.833,.333,,.000,.083,.667,1.000,.045,1,.250,.000,0,0,,bouchch01
341,Jordan McLaughlin,29,SAS,PG,8,0,74,.417,17.0,.375,.250,.083,.042,.000,.625,.556,.833,.000,.000,,.333,.200,1.000,.000,0,.400,.167,0,0,,mclaujo01
342,Maxime Raynaud,22,SAC,C,6,0,74,.391,8.9,.870,.261,.478,.087,.043,.130,.450,.500,.545,.000,.000,.000,.667,,.000,0,.000,,0,0,,raynama01
343,Julian Phillips,22,CHI,SF,11,0,73,.400,13.6,.500,.300,.200,.000,.000,.500,.500,.667,.250,,,.300,.800,1.000,.150,3,.900,.222,0,0,,phillju01
344,Jamison Battle,24,TOR,SF,10,0,73,.714,19.4,.286,.190,.048,.000,.048,.714,.667,1.000,.000,,.000,.733,1.000,1.000,.048,1,.333,.600,0,0,,battlja01
345,Darius Garland,26,CLE,PG,3,3,73,.333,18.4,.472,.056,.250,.111,.056,.528,.294,1.000,.111,.250,.500,.368,.400,.714,.000,0,.211,.250,0,0,,garlada01
346,Bennedict Mathurin,23,IND,SF,2,2,73,.548,13.8,.677,.226,.258,.032,.161,.323,.571,.857,.375,1.000,.400,.500,.500,.600,.032,1,.000,,0,0,,mathube01
347,Spencer Jones,24,DEN,SF,8,0,72,.556,14.1,.444,.444,.000,.000,.000,.556,.750,.750,,,,.400,.667,1.000,.111,1,.600,.333,0,0,,jonessp01
348,Gabe Vincent,29,LAL,PG,3,3,72,.231,22.8,.231,.000,.077,.077,.077,.769,.333,,.000,1.000,.000,.200,1.000,1.000,.000,0,.300,.333,0,0,,vincega01
349,Duop Reath,29,POR,C,9,0,71,.591,23.0,.091,.045,.045,.000,.000,.909,.500,1.000,.000,,,.600,1.000,1.000,.045,1,.400,.875,0,0,,reathdu01
350,Julian Strawther,23,DEN,SG,9,0,71,.367,17.0,.467,.167,.100,.200,.000,.533,.643,1.000,.667,.333,,.125,.667,1.000,.000,0,.313,.000,0,0,,strawju01
351,Gary Harris,31,MIL,SG,7,0,70,.500,15.7,.429,.143,.286,.000,.000,.571,.500,1.000,.250,,,.500,1.000,1.000,.000,0,.625,.600,0,0,,harriga01
352,Kobe Sanders,23,LAC,SG,5,0,69,.391,19.9,.391,.087,.043,.043,.217,.609,.444,1.000,.000,.000,.400,.357,.250,1.000,.000,0,.571,.500,0,0,,sandeko01
353,Tyler Kolek,24,NYK,PG,10,0,67,.417,16.1,.458,.250,.125,.083,.000,.542,.636,.667,.667,.500,,.231,.429,.667,.000,0,.077,.000,0,0,,kolekty01
354,Devin Carter,23,SAC,PG,8,0,65,.238,17.0,.476,.048,.333,.095,.000,.524,.300,1.000,.286,.000,,.182,.000,1.000,.048,1,.000,,0,0,,cartede02
355,Will Riley,19,WAS,SF,9,0,64,.444,11.7,.778,.222,.444,.056,.056,.222,.500,.750,.500,.000,.000,.250,.714,1.000,.056,1,.000,,0,0,,rileywi01
356,Nae'Qwan Tomlin,25,CLE,PF,5,0,64,.520,8.5,.720,.600,.080,.040,.000,.280,.722,.800,.500,.000,,.000,.538,,.200,4,.429,.000,0,0,,tomlina01
357,Chris Youngblood,23,OKC,SG,12,0,63,.214,23.9,.071,.000,.071,.000,.000,.929,.000,,.000,,,.231,,1.000,.000,0,.308,.500,0,0,,youngch01
358,Elijah Harkless,25,UTA,SG,6,0,63,.364,19.0,.364,.182,.000,.091,.091,.636,.500,.500,,.000,1.000,.286,.000,1.000,.000,0,.286,1.000,0,0,,harklej01
359,Monte Morris,30,IND,PG,5,0,62,.316,14.4,.579,.263,.158,.105,.053,.421,.364,.600,.000,.500,.000,.250,.750,1.000,.000,0,.375,.000,0,0,,morrimo01
360,Jericho Sims,27,MIL,C,9,0,61,.750,2.8,1.000,.500,.500,.000,.000,.000,.750,1.000,.500,,,,.667,,.750,3,,,0,0,,simsje01
361,Xavier Tillman Sr.,27,BOS,C,7,0,61,.500,13.7,.556,.167,.333,.056,.000,.444,.700,.667,.667,1.000,,.250,.857,1.000,.000,0,.250,.000,0,0,,tillmxa01
362,Kobe Brown,26,LAC,PF,7,0,60,.455,14.9,.455,.273,.182,.000,.000,.545,.800,.667,1.000,,,.167,1.000,1.000,.182,2,.500,.000,0,0,,brownko01
363,Tristan Vukcevic,22,WAS,C,10,0,59,.455,16.8,.545,.091,.136,.273,.045,.455,.583,.500,.667,.667,.000,.300,.857,1.000,.045,1,.000,,0,0,,vukcetr01
364,Aaron Holiday,29,HOU,PG,7,0,58,.556,18.2,.389,.111,.222,.056,.000,.611,.714,.500,1.000,.000,,.455,.600,1.000,.000,0,.182,.500,0,0,,holidaa01
365,Ariel Hukporti,23,NYK,C,8,2,56,.500,2.9,1.000,.750,.250,.000,.000,.000,.500,.667,.000,,,,.750,,.125,1,,,0,0,,hukpoar01
366,Cody Martin,30,IND,SF,4,0,55,.200,15.5,.500,.100,.300,.100,.000,.500,.400,1.000,.333,.000,,.000,.500,,.100,1,.400,.000,0,0,,martico01
367,Carter Bryant,20,SAS,PF,8,0,54,.286,15.5,.476,.286,.095,.095,.000,.524,.400,.667,.000,.000,,.182,.500,1.000,.048,1,.364,.000,0,0,,bryanca01
368,Thomas Bryant,28,CLE,C,8,0,54,.455,13.8,.545,.318,.182,.045,.000,.455,.833,.857,1.000,.000,,.000,.700,,.227,5,.000,,0,0,,bryanth01
369,Bobi Klintman,22,DET,SF,6,0,53,.333,16.0,.476,.143,.286,.000,.048,.524,.400,.333,.500,,.000,.273,.750,1.000,.048,1,.364,.000,0,0,,klintbo01
370,Matisse Thybulle,28,POR,SG,4,0,49,.600,16.1,.400,.400,.000,.000,.000,.600,.500,.500,,,,.667,.000,1.000,.000,0,.000,,0,0,,thybuma01
371,Kyle Anderson,32,UTA,SF,3,0,49,.471,5.6,1.000,.294,.529,.176,.000,.000,.471,.600,.333,.667,,,.500,,.059,0,,,0,0,,anderky01
372,Jordan Miller,26,LAC,SF,3,0,49,.500,17.2,.438,.250,.125,.063,.000,.563,.429,.750,.000,.000,,.556,.333,1.000,.000,0,.111,.000,0,0,,millejo02
373,Maxi Kleber,34,LAL,PF,3,0,48,.500,19.7,.250,.250,.000,.000,.000,.750,.000,.000,,,,.667,,1.000,.000,0,.000,,0,0,,klebima01
374,Noah Penda,21,ORL,SF,7,0,47,.545,6.9,.818,.455,.364,.000,.000,.182,.444,.600,.250,,,1.000,.500,1.000,.091,1,.500,1.000,0,0,,pendano01
375,Luke Travers,24,CLE,SG,6,0,47,.125,11.7,.625,.313,.250,.000,.063,.375,.200,.000,.500,,.000,.000,1.000,,.000,0,.333,.000,0,0,,travelu01
376,Bismack Biyombo,33,SAS,C,6,0,46,.500,1.6,1.000,1.000,.000,.000,.000,.000,.500,.500,,,,,1.000,,.500,1,,,0,0,,biyombi01
377,Caleb Love,24,POR,SG,5,0,45,.280,18.1,.400,.080,.280,.040,.000,.600,.400,1.000,.286,.000,,.200,.500,.667,.000,0,.067,1.000,0,0,,loveca01
378,Ryan Nembhard,22,DAL,PG,5,0,45,.467,16.5,.733,.067,.133,.267,.267,.267,.636,1.000,.000,.750,.750,.000,.286,,.000,0,.000,,0,0,,nembhry01
379,T.J. McConnell,33,IND,PG,3,0,43,.387,12.4,.806,.129,.323,.226,.129,.194,.440,.500,.300,.714,.250,.167,.364,1.000,.000,0,.167,1.000,0,0,,mccontj01
380,Jalen Pickett,26,DEN,SG,6,1,42,.500,15.9,.500,.333,.000,.083,.083,.500,.667,.500,,1.000,1.000,.333,.500,1.000,.083,1,.167,.000,0,0,,pickeja02
381,Dalen Terry,23,CHI,SG,7,0,41,.444,7.2,.778,.667,.111,.000,.000,.222,.429,.333,1.000,,,.500,1.000,1.000,.111,1,.000,,0,0,,terryda01
382,Lindy Waters III,28,SAS,SG,5,0,41,.500,25.4,.000,.000,.000,.000,.000,1.000,,,,,,.500,,1.000,.000,0,.400,.500,0,0,,waterli01
383,Rayan Rupert,21,POR,SG,7,0,40,.222,17.4,.333,.222,.111,.000,.000,.667,.333,.500,.000,,,.167,1.000,1.000,.000,0,.167,.000,0,0,,ruperra01
384,Brandon Miller,23,CHO,SF,2,2,40,.400,14.6,.560,.240,.200,.120,.000,.440,.571,.833,.600,.000,,.182,.500,1.000,.160,4,.273,.333,0,0,,millebr02
385,Jae'Sean Tate,30,HOU,SF,7,0,39,.364,11.4,.727,.182,.455,.091,.000,.273,.500,.500,.600,.000,,.000,.500,,.000,0,.000,,0,0,,tateja01
386,AJ Johnson,21,WAS,SG,8,0,38,.182,7.6,.818,.273,.545,.000,.000,.182,.222,.333,.167,,,.000,1.000,,.091,1,.500,.000,0,0,,johnsaj01
387,Jevon Carter,30,CHI,PG,3,0,38,.625,21.3,.125,.125,.000,.000,.000,.875,.000,.000,,,,.714,,.800,.000,0,.429,.667,0,0,,carteje01
388,Kelly Olynyk,34,SAS,C,4,0,37,.625,5.1,.875,.625,.250,.000,.000,.125,.571,.600,.500,,,1.000,.500,1.000,.000,0,1.000,1.000,0,0,,olynyke01
389,Johnny Furphy,21,IND,SG,3,0,37,.500,14.2,.500,.167,.333,.000,.000,.500,.333,1.000,.000,,,.667,1.000,1.000,.000,0,.333,1.000,0,0,,furphjo01
390,Rasheer Fleming,21,PHO,PF,7,0,36,.333,16.2,.400,.333,.000,.067,.000,.600,.500,.600,,.000,,.222,.667,1.000,.133,2,.333,.333,0,0,,flemira01
391,Khaman Maluach,19,PHO,C,7,0,35,.429,11.7,.571,.571,.000,.000,.000,.429,.750,.750,,,,.000,1.000,,.286,2,.333,.000,0,0,,maluakh01
392,Jonathan Mogbo,24,TOR,PF,7,0,35,.500,3.4,1.000,.500,.500,.000,.000,.000,.500,.333,.667,,,,.667,,.167,0,,,0,0,,mogbojo01
393,Malaki Branham,22,WAS,SG,5,0,34,.545,14.6,.545,.182,.273,.091,.000,.455,.833,1.000,1.000,.000,,.200,.600,1.000,.091,1,.200,.000,0,0,,branhma01
394,Mac McClung,27,IND,SG,3,0,34,.389,17.3,.444,.222,.167,.056,.000,.556,.625,.750,.333,1.000,,.200,.800,.500,.000,0,.000,,0,0,,mccluma01
395,Dylan Cardwell,24,SAC,C,3,1,33,.333,6.9,.833,.333,.500,.000,.000,.167,.400,1.000,.000,,,.000,1.000,,.500,2,1.000,.000,0,0,,cardwdy01
396,Nolan Traoré,19,BRK,PG,3,0,33,.222,18.0,.333,.222,.111,.000,.000,.667,.000,.000,.000,,,.333,,1.000,.000,0,.500,.000,0,0,,traorno01
397,Caleb Houstan,23,ATL,SF,5,0,32,.500,19.8,.250,.125,.125,.000,.000,.750,.500,1.000,.000,,,.500,1.000,1.000,.000,0,.333,.500,0,0,,houstca01
398,Jared McCain,21,PHI,SG,3,0,31,.000,13.1,.778,.111,.333,.111,.222,.222,.000,.000,.000,.000,.000,.000,,,.000,0,.500,.000,0,0,,mccaija01
399,Charles Bassey,25,MEM,C,2,0,31,.375,4.4,1.000,.375,.500,.125,.000,.000,.375,.667,.250,.000,,,.667,,.375,2,,,0,0,,bassech01
400,Joan Beringer,19,MIN,PF,8,0,30,.857,1.0,1.000,1.000,.000,.000,.000,.000,.857,.857,,,,,.833,,.857,6,,,0,0,,berinjo01
401,Jase Richardson,20,ORL,SG,7,0,30,.200,15.5,.400,.200,.200,.000,.000,.600,.500,1.000,.000,,,.000,1.000,,.000,0,.000,,0,0,,richaja02
402,Mason Plumlee,35,CHO,C,6,0,30,1.000,1.9,1.000,1.000,.000,.000,.000,.000,1.000,1.000,,,,,1.000,,1.000,2,,,0,0,,plumlma01
403,Bryce McGowens,23,NOP,SG,5,0,30,.400,7.3,.800,.400,.400,.000,.000,.200,.500,.250,.750,,,.000,.500,,.200,1,.500,.000,0,0,,mcgowbr01
404,Jalen Green,23,PHO,SG,2,2,30,.478,18.6,.391,.174,.087,.000,.130,.609,.556,.250,.500,,1.000,.429,.000,1.000,.043,0,.143,1.000,0,0,,greenja05
405,Coby White,25,CHI,SG,1,0,30,.357,19.0,.429,.000,.286,.071,.071,.571,.333,,.500,.000,.000,.375,.000,1.000,.000,0,.125,1.000,0,0,,whiteco01
406,Yang Hansen,20,POR,C,5,0,29,.222,13.5,.667,.111,.333,.222,.000,.333,.333,1.000,.333,.000,,.000,1.000,,.111,1,.000,,0,0,,yangha01
407,GG Jackson II,21,MEM,PF,6,0,28,.286,13.5,.571,.286,.214,.071,.000,.429,.500,.500,.667,.000,,.000,.750,,.071,1,.333,.000,0,0,,jacksgg01
408,Dario Šarić,31,SAC,C,3,0,28,.200,13.0,.600,.400,.000,.000,.200,.400,.000,.000,,,.000,.500,,1.000,.000,0,1.000,.500,0,0,,saricda01
409,Wendell Moore Jr.,24,DET,SG,2,0,28,.750,7.7,.750,.250,.500,.000,.000,.250,1.000,1.000,1.000,,,.000,.333,,.250,1,1.000,.000,0,0,,moorewe01
410,PJ Hall,23,MEM,C,7,0,27,.556,11.3,.667,.333,.333,.000,.000,.333,.667,1.000,.333,,,.333,1.000,1.000,.111,1,.333,.000,0,0,,hallpj01
411,Leonard Miller,22,MIN,SF,7,0,27,.600,9.5,.700,.400,.300,.000,.000,.300,.857,1.000,.667,,,.000,.833,,.000,0,1.000,.000,0,0,,millele01
412,Tyson Etienne,26,BRK,PG,5,0,25,.182,25.7,.091,.000,.000,.000,.091,.909,.000,,,,.000,.200,,1.000,.000,0,.100,.000,0,0,,etienty01
413,E.J. Liddell,25,BRK,PF,5,0,25,.364,20.3,.273,.091,.182,.000,.000,.727,.667,1.000,.500,,,.250,.500,1.000,.000,0,.250,.500,0,0,,liddeej01
414,Zach Edey,23,MEM,C,1,1,25,.429,5.5,.857,.714,.000,.143,.000,.143,.500,.600,,.000,,.000,1.000,,.429,2,.000,,0,0,,edeyza01
415,JD Davison,23,HOU,PG,5,0,24,.500,21.6,.250,.000,.250,.000,.000,.750,.500,,.500,,,.500,1.000,1.000,.000,0,.167,.000,0,0,,davisjd01
416,DeAndre Jordan,37,NOP,C,2,1,23,.800,1.3,1.000,.800,.200,.000,.000,.000,.800,1.000,.000,,,,.500,,.400,2,,,0,0,,jordade01
417,Andre Jackson Jr.,24,MIL,SG,6,0,22,.000,24.0,.500,.000,.000,.000,.500,.500,.000,,,,.000,.000,,,.000,0,.000,,0,0,,jacksan01
418,Yanic Konan Niederhauser,22,LAC,C,5,0,22,.875,3.1,1.000,.500,.500,.000,.000,.000,.875,1.000,.750,,,,.857,,.500,4,,,0,0,,konanya01
419,Keshad Johnson,24,MIA,SF,4,0,22,.250,15.3,.500,.167,.250,.000,.083,.500,.333,.500,.000,,1.000,.167,.000,1.000,.167,1,.500,.000,0,0,,johnske10
420,Tolu Smith,25,DET,PF,2,0,22,.750,2.8,1.000,.625,.375,.000,.000,.000,.750,.800,.667,,,,.667,,.250,2,,,0,0,,smithto05
421,Zeke Nnaji,25,DEN,PF,6,0,21,.571,15.6,.429,.286,.143,.000,.000,.571,1.000,1.000,1.000,,,.250,.667,1.000,.000,0,.000,,0,0,,nnajize01
422,Jeff Green,39,HOU,PF,5,0,21,.667,25.0,.000,.000,.000,.000,.000,1.000,,,,,,.667,,1.000,.000,0,.333,1.000,0,0,,greenje02
423,Mark Sears,23,MIL,PG,5,0,21,.556,18.2,.444,.111,.111,.222,.000,.556,.500,1.000,.000,.500,,.600,.000,.667,.000,0,.000,,0,0,,searsma01
424,Eric Gordon,37,PHI,SG,3,0,21,.600,22.6,.200,.200,.000,.000,.000,.800,1.000,1.000,,,,.500,1.000,1.000,.000,0,.000,,0,0,,gordoer01
425,Jamir Watkins,24,WAS,SG,3,0,21,.750,7.3,.750,.750,.000,.000,.000,.250,1.000,1.000,,,,.000,.667,,.250,1,1.000,.000,0,0,,watkija01
426,Antonio Reeves,25,CHO,SG,2,0,21,.500,21.0,.167,.000,.167,.000,.000,.833,.000,,.000,,,.600,,1.000,.000,0,.600,.667,0,0,,reevean01
427,James Wiseman,24,IND,C,1,1,20,.667,3.2,1.000,.667,.333,.000,.000,.000,.667,1.000,.000,,,,.500,,.333,1,,,0,0,,wisemja01
428,Johnny Juzang,24,MIN,SG,6,0,18,.286,22.1,.286,.000,.000,.143,.143,.714,.500,,,.000,1.000,.200,.000,1.000,.000,0,.400,.000,0,0,,juzanjo01
429,Hunter Tyson,25,DEN,PF,5,0,17,.000,17.5,.429,.000,.286,.000,.143,.571,.000,,.000,,.000,.000,,,.000,0,.250,.000,0,0,,tysonhu01
430,Isaac Jones,25,SAC,PF,3,1,17,.500,14.0,.500,.500,.000,.000,.000,.500,1.000,1.000,,,,.000,.000,,.000,0,.000,,0,0,,jonesis01
431,Joe Ingles,38,MIN,SF,4,0,16,.000,27.4,.000,.000,.000,.000,.000,1.000,,,,,,.000,,,.000,0,.000,,0,0,,inglejo01
432,Jahmyl Telfort,24,LAC,PF,3,0,16,.000,24.1,.000,.000,.000,.000,.000,1.000,,,,,,.000,,,.000,0,.500,.000,0,0,,telfoja01
433,Mohamed Diawara,20,NYK,SF,6,0,15,.750,17.6,.750,.250,.000,.000,.500,.250,.667,1.000,,,.500,1.000,1.000,1.000,.000,0,.000,,0,0,,diawamo01
434,N'Faly Dante,24,ATL,C,4,0,15,.250,4.3,1.000,.500,.250,.250,.000,.000,.250,.500,.000,.000,,,1.000,,.250,1,,,0,0,,nfalyda01
435,Ron Harper Jr.,25,BOS,SF,3,0,15,.429,22.9,.143,.143,.000,.000,.000,.857,1.000,1.000,,,,.333,1.000,1.000,.000,0,.167,.000,0,0,,harpero02
436,Pacome Dadiet,20,NYK,SG,5,0,14,.250,17.2,.750,.250,.000,.000,.500,.250,.333,1.000,,,.000,.000,1.000,,.000,0,.000,,0,0,,dadiepa01
437,Daeqwon Plowden,27,SAC,SG,1,0,14,.200,15.8,.400,.200,.200,.000,.000,.600,.500,1.000,.000,,,.000,.000,,.200,1,.667,.000,0,0,,plowdda01
438,Anthony Gill,33,WAS,PF,5,0,13,.750,8.9,.750,.500,.250,.000,.000,.250,.667,.500,1.000,,,1.000,.500,1.000,.000,0,1.000,1.000,0,0,,gillan01
439,Harrison Ingram,23,SAS,SF,3,0,11,.667,11.6,.667,.333,.333,.000,.000,.333,.500,1.000,.000,,,1.000,.000,1.000,.000,0,.000,,0,0,,ingraha01
440,David Jones García,24,SAS,SF,3,0,11,.571,4.2,1.000,.571,.429,.000,.000,.000,.571,.500,.667,,,,.000,,.000,0,,,0,0,,jonesda06
441,Jahmir Young,25,MIA,PG,2,0,10,.333,10.7,.667,.333,.333,.000,.000,.333,.500,.000,1.000,,,.000,.000,,.000,0,.000,,0,0,,youngja05
442,Thanasis Antetokounmpo,33,MIL,SF,4,0,9,.500,2.3,1.000,1.000,.000,.000,.000,.000,.500,.500,,,,,1.000,,.000,0,,,0,0,,antetth01
443,Jacob Toppin,25,ATL,SF,3,0,9,.750,5.9,1.000,.500,.000,.500,.000,.000,.750,1.000,,.500,,,.333,,.500,2,,,0,0,,toppija01
444,Kevin Porter Jr.,25,MIL,PG,1,1,9,.600,19.1,.400,.200,.000,.000,.200,.600,.500,1.000,,,.000,.667,.000,1.000,.200,1,.333,.000,0,0,,porteke02
445,Riley Minix,25,SAS,SF,3,0,8,.667,13.1,.500,.500,.000,.000,.000,.500,1.000,1.000,,,,.333,.333,1.000,.167,1,.333,1.000,0,0,,minixri01
446,Trey Jemison,26,NYK,C,1,0,8,,,,,,,,,,,,,,,,,,0,,,0,0,,jemistr01
447,Doug McDermott,34,SAC,SF,1,0,8,.667,25.9,.000,.000,.000,.000,.000,1.000,,,,,,.667,,1.000,.000,0,.667,1.000,0,0,,mcderdo01
448,Hunter Sallis,22,PHI,SG,3,0,7,1.000,8.5,1.000,.000,1.000,.000,.000,.000,1.000,,1.000,,,,.000,,.000,0,,,0,0,,sallihu01
449,Chris Mañon,24,LAL,SG,2,0,7,.000,24.8,.000,.000,.000,.000,.000,1.000,,,,,,.000,,,.000,0,.000,,0,0,,manonch01
450,Amari Williams,24,BOS,PF,2,0,7,.500,5.5,1.000,.000,1.000,.000,.000,.000,.500,,.500,,,,1.000,,.000,0,,,0,0,,william01
451,Colby Jones,23,DET,SG,1,0,7,.333,16.9,.333,.000,.333,.000,.000,.667,1.000,,1.000,,,.000,.000,,.000,0,1.000,.000,0,0,,jonesco02
452,Johni Broome,23,PHI,PF,2,0,6,.400,8.0,.800,.200,.600,.000,.000,.200,.500,1.000,.333,,,.000,.500,,.000,0,1.000,.000,0,0,,broomjo01
453,Christian Koloko,25,LAL,C,2,0,6,,,,,,,,,,,,,,,,,,0,,,0,0,,kolokch01
454,Garrett Temple,39,TOR,SG,2,0,6,.000,25.1,.000,.000,.000,.000,.000,1.000,,,,,,.000,,,.000,0,.000,,0,0,,templga01
455,Danny Wolf,21,BRK,PF,2,0,6,.000,1.8,1.000,1.000,.000,.000,.000,.000,.000,.000,,,,,,,.000,0,,,0,0,,wolfda01
456,Hunter Dickinson,25,NOP,C,1,0,5,.500,12.8,1.000,.000,.000,1.000,.000,.000,.500,,,.500,,,1.000,,.000,0,,,0,0,,dickihu01
457,Adou Thiero,21,LAL,SF,1,0,5,1.000,1.8,1.000,1.000,.000,.000,.000,.000,1.000,1.000,,,,,1.000,,1.000,1,,,0,0,,thierad01
458,Sharife Cooper,24,WAS,PG,2,0,4,,,,,,,,,,,,,,,,,,0,,,0,0,,coopesh01
459,DaRon Holmes,23,DEN,PF,2,0,4,1.000,24.2,.000,.000,.000,.000,.000,1.000,,,,,,1.000,,1.000,.000,0,1.000,1.000,0,0,,holmeda01
460,Koby Brea,23,PHO,SG,1,0,4,.500,14.1,.500,.500,.000,.000,.000,.500,1.000,1.000,,,,.000,.000,,.000,0,.000,,0,0,,breako01
461,Pete Nance,25,MIL,PF,1,0,4,.800,16.9,.400,.200,.200,.000,.000,.600,1.000,1.000,1.000,,,.667,1.000,1.000,.000,0,.000,,0,0,,nancepe01
462,Myron Gardner,24,MIA,SF,1,0,3,1.000,25.1,.000,.000,.000,.000,.000,1.000,,,,,,1.000,,1.000,.000,0,.000,,0,0,,gardnmy01
463,Kyle Lowry,39,PHI,PG,1,0,3,1.000,24.2,.000,.000,.000,.000,.000,1.000,,,,,,1.000,,1.000,.000,0,1.000,1.000,0,0,,lowryky01
464,Miles Kelly,23,DAL,PG,1,0,2,,,,,,,,,,,,,,,,,,0,,,0,0,,kellymi02
465,Orlando Robinson,25,ORL,C,1,0,2,,,,,,,,,,,,,,,,,,0,,,0,0,,robinor01
466,Jamal Cain,26,ORL,SF,1,0,0,,,,,,,,,,,,,,,,,,0,,,0,0,,cainja01
,League Average,,,,,,,.468,14.1,.581,.227,.212,.092,.050,.419,.546,.705,.461,.437,.390,.359,.532,.858,.062,,.232,.385,,,,-9999