Rk,Player,Age,Team,Pos,G,GS,MP,FG,FGA,FG%,3P,3PA,3P%,2P,2PA,2P%,eFG%,FT,FTA,FT%,ORB,DRB,TRB,AST,STL,BLK,TOV,PF,PTS,Trp-Dbl,Awards,Player-additional
1,Shai Gilgeous-Alexander,27,OKC,PG,14,14,470,156,294,.531,31,83,.373,125,211,.592,.583,113,126,.897,5,66,71,93,19,13,23,25,456,0,,gilgesh01
2,Devin Booker,29,PHO,SG,14,14,501,137,277,.495,28,82,.341,109,195,.559,.545,96,107,.897,15,42,57,98,11,4,56,40,398,0,,bookede01
3,Lauri Markkanen,28,UTA,PF,13,13,470,134,280,.479,49,126,.389,85,154,.552,.566,81,92,.880,30,50,80,27,12,7,18,25,398,0,,markkla01
4,Giannis Antetokounmpo,31,MIL,PF,12,12,401,150,238,.630,9,18,.500,141,220,.641,.649,82,129,.636,46,90,136,85,11,15,42,32,391,0,,antetgi01
5,Jaylen Brown,29,BOS,SF,14,14,449,147,291,.505,27,79,.342,120,212,.566,.552,63,82,.768,13,66,79,57,11,5,45,45,384,0,,brownja02
6,Tyrese Maxey,25,PHI,PG,12,12,484,127,280,.454,46,110,.418,81,170,.476,.536,84,95,.884,4,57,61,94,17,10,30,32,384,0,,maxeyty01
7,Donovan Mitchell,29,CLE,SG,12,12,407,121,243,.498,48,126,.381,73,117,.624,.597,75,90,.833,9,46,55,65,18,6,40,26,365,0,,mitchdo01
8,Luka Dončić,26,LAL,PG,10,10,371,106,226,.469,36,110,.327,70,116,.603,.549,96,122,.787,9,80,89,89,17,6,37,25,344,1,,doncilu01
9,Nikola Jokić,30,DEN,C,12,12,410,129,192,.672,23,54,.426,106,138,.768,.732,63,72,.875,36,120,156,131,22,9,39,33,344,7,,jokicni01
10,Deni Avdija,25,POR,SF,13,13,443,108,221,.489,33,88,.375,75,133,.564,.563,89,103,.864,17,68,85,62,7,11,47,48,338,0,,avdijde01
11,Julius Randle,31,MIN,PF,13,13,437,114,211,.540,25,64,.391,89,147,.605,.600,78,90,.867,19,77,96,81,17,3,34,33,331,2,,randlju01
12,Stephen Curry,37,GSW,PG,12,12,367,104,227,.458,51,134,.381,53,93,.570,.570,70,75,.933,3,41,44,44,17,5,32,27,329,0,,curryst01
13,Franz Wagner,24,ORL,SF,14,14,501,106,230,.461,25,70,.357,81,160,.506,.515,87,105,.829,26,62,88,54,16,6,29,35,324,0,,wagnefr01
14,Victor Wembanyama,22,SAS,C,12,12,416,111,221,.502,20,58,.345,91,163,.558,.548,72,84,.857,24,131,155,48,13,43,43,44,314,1,,wembavi01
15,James Harden,36,LAC,PG,12,12,433,92,202,.455,45,113,.398,47,89,.528,.567,83,91,.912,7,69,76,108,11,5,46,23,312,2,,hardeja01
16,Kevin Durant,37,HOU,SF,12,12,433,105,206,.510,22,55,.400,83,151,.550,.563,79,89,.888,4,52,56,41,12,8,36,33,311,0,,duranke01
17,Austin Reaves,27,LAL,SG,11,11,399,95,197,.482,30,91,.330,65,106,.613,.558,91,105,.867,7,49,56,90,15,1,37,27,311,0,,reaveau01
18,Jalen Brunson,29,NYK,PG,11,11,373,107,229,.467,31,84,.369,76,145,.524,.535,63,73,.863,5,34,39,72,9,0,30,29,308,0,,brunsja01
19,Cade Cunningham,24,DET,PG,11,11,407,106,243,.436,21,73,.288,85,170,.500,.479,69,86,.802,12,47,59,109,15,9,40,41,302,1,,cunnica01
20,Pascal Siakam,31,IND,PF,12,12,420,105,232,.453,22,61,.361,83,171,.485,.500,63,96,.656,21,64,85,61,14,4,29,40,295,0,,siakapa01
21,Michael Porter Jr.,27,BRK,SF,12,12,390,103,218,.472,37,106,.349,66,112,.589,.557,46,54,.852,13,81,94,40,8,2,28,28,289,0,,portemi01
22,Keyonte George,22,UTA,PG,13,13,447,87,211,.412,23,83,.277,64,128,.500,.467,91,98,.929,9,42,51,91,13,4,43,28,288,0,,georgke01
23,Miles Bridges,27,CHO,PF,13,13,455,94,223,.422,43,118,.364,51,105,.486,.518,56,62,.903,12,78,90,52,7,5,19,25,287,0,,bridgmi02
24,Shaedon Sharpe,22,POR,SG,13,13,370,103,238,.433,25,91,.275,78,147,.531,.485,56,69,.812,19,49,68,26,19,3,37,30,287,0,,sharpsh01
25,Alperen Şengün,23,HOU,C,12,12,442,97,202,.480,17,38,.447,80,164,.488,.522,65,88,.739,38,86,124,89,15,12,40,39,276,0,,sengual01
26,Zach LaVine,30,SAC,SG,12,12,412,94,184,.511,38,90,.422,56,94,.596,.614,46,52,.885,2,40,42,27,7,2,24,30,272,0,,lavinza01
27,Jimmy Butler,36,GSW,SF,14,14,431,82,156,.526,15,32,.469,67,124,.540,.574,89,103,.864,31,44,75,67,23,4,22,18,268,0,,butleji01
28,Brandon Ingram,28,TOR,SF,13,13,431,99,201,.493,14,55,.255,85,146,.582,.527,53,60,.883,8,70,78,50,12,8,32,33,265,0,,ingrabr01
29,DeMar DeRozan,36,SAC,PF,14,14,476,99,198,.500,13,33,.394,86,165,.521,.533,52,61,.852,7,39,46,49,16,2,14,28,263,0,,derozde01
30,Jalen Johnson,24,ATL,SF,12,12,395,101,172,.587,13,34,.382,88,138,.638,.625,46,57,.807,15,100,115,76,21,3,36,26,261,1,,johnsja05
31,Norman Powell,32,MIA,SG,10,10,313,79,164,.482,35,73,.479,44,91,.484,.588,68,73,.932,3,38,41,24,12,2,22,24,261,0,,powelno01
32,Karl-Anthony Towns,30,NYK,C,12,12,397,83,189,.439,24,69,.348,59,120,.492,.503,71,79,.899,37,113,150,40,12,11,30,45,261,0,,townska01
33,Paolo Banchero,23,ORL,PF,12,12,393,82,178,.461,11,44,.250,71,134,.530,.492,85,111,.766,11,93,104,49,9,11,32,29,260,0,,banchpa01
34,Trey Murphy III,25,NOP,SF,13,13,465,89,195,.456,36,101,.356,53,94,.564,.549,44,47,.936,22,68,90,43,18,2,27,29,258,0,,murphtr02
35,Scottie Barnes,24,TOR,PF,13,13,422,98,195,.503,21,51,.412,77,144,.535,.556,39,48,.813,24,78,102,68,19,23,25,45,256,0,,barnesc01
36,RJ Barrett,25,TOR,SF,13,13,409,94,186,.505,24,70,.343,70,116,.603,.570,39,54,.722,11,55,66,52,11,4,21,37,251,0,,barrerj01
37,Jaren Jackson Jr.,26,MEM,C,14,14,402,87,182,.478,23,61,.377,64,121,.529,.541,53,66,.803,13,60,73,19,7,19,29,60,250,0,,jacksja02
38,Evan Mobley,24,CLE,PF,13,13,443,89,190,.468,23,64,.359,66,126,.524,.529,49,78,.628,36,81,117,54,17,21,32,30,250,0,,mobleev01
39,Anthony Edwards,24,MIN,SG,9,9,273,81,170,.476,30,73,.411,51,97,.526,.565,54,63,.857,8,33,41,33,10,6,22,15,246,0,,edwaran01
40,Jamal Murray,28,DEN,PG,11,11,374,88,192,.458,25,73,.342,63,119,.529,.523,42,45,.933,7,49,56,69,15,3,26,14,243,0,,murraja01
41,Grayson Allen,30,PHO,SG,13,13,417,81,173,.468,51,114,.447,30,59,.508,.616,27,34,.794,6,34,40,56,21,4,23,30,240,0,,allengr01
42,Jerami Grant,31,POR,PF,13,1,362,70,151,.464,27,67,.403,43,84,.512,.553,71,84,.845,11,28,39,30,12,5,21,44,238,0,,grantje01
43,Alex Sarr,20,WAS,C,13,13,377,98,189,.519,14,40,.350,84,149,.564,.556,28,38,.737,31,75,106,47,9,28,31,28,238,0,,sarral01
44,Ryan Rollins,23,MIL,PG,14,13,436,91,173,.526,32,70,.457,59,103,.573,.618,23,30,.767,11,42,53,75,24,3,33,42,237,0,,rolliry01
45,Ajay Mitchell,23,OKC,SG,14,5,396,85,186,.457,18,53,.340,67,133,.504,.505,46,50,.920,11,45,56,54,25,4,25,34,234,0,,mitchaj01
46,Desmond Bane,27,ORL,SG,14,14,455,85,195,.436,21,67,.313,64,128,.500,.490,40,44,.909,15,45,60,62,6,5,33,47,231,0,,banede01
47,Jaden McDaniels,25,MIN,PF,13,13,412,90,164,.549,22,44,.500,68,120,.567,.616,28,33,.848,14,45,59,30,12,17,24,48,230,0,,mcdanja02
48,Payton Pritchard,28,BOS,PG,14,14,447,83,186,.446,35,109,.321,48,77,.623,.540,28,35,.800,13,42,55,70,11,0,18,28,229,0,,pritcpa01
49,Andrew Wiggins,30,MIA,SF,13,13,428,90,177,.508,25,66,.379,65,111,.586,.579,23,35,.657,21,43,64,37,15,12,29,34,228,0,,wiggian01
50,Jaime Jaquez Jr.,24,MIA,SF,13,0,392,90,169,.533,5,25,.200,85,144,.590,.547,42,54,.778,17,78,95,68,9,4,22,28,227,0,,jaqueja01
51,Stephon Castle,21,SAS,PG,13,13,416,77,155,.497,12,50,.240,65,105,.619,.535,59,85,.694,20,56,76,98,22,5,52,47,225,1,,castlst01
52,Derrick White,31,BOS,SG,14,14,461,77,216,.356,37,121,.306,40,95,.421,.442,33,40,.825,13,42,55,76,24,17,17,24,224,0,,whitede01
53,Kon Knueppel,20,CHO,SF,13,12,424,77,169,.456,41,102,.402,36,67,.537,.577,28,32,.875,8,69,77,37,9,3,32,30,223,0,,knuepko01
54,Onyeka Okongwu,25,ATL,C,14,5,411,78,151,.517,24,62,.387,54,89,.607,.596,40,52,.769,25,85,110,35,13,15,22,49,220,0,,okongon01
55,Josh Giddey,23,CHI,PG,10,10,349,78,170,.459,17,46,.370,61,124,.492,.509,46,60,.767,14,85,99,97,11,5,37,19,219,3,,giddejo01
56,Aaron Gordon,30,DEN,PF,11,11,333,72,135,.533,27,57,.474,45,78,.577,.633,48,54,.889,14,51,65,17,10,3,17,19,219,0,,gordoaa01
57,Cooper Flagg,19,DAL,PG,14,14,478,84,188,.447,15,55,.273,69,133,.519,.487,35,44,.795,16,78,94,45,19,11,32,34,218,0,,flaggco01
58,Ja Morant,26,MEM,PG,12,12,345,70,195,.359,10,60,.167,60,135,.444,.385,65,69,.942,6,36,42,91,12,1,45,27,215,0,,moranja01
59,Nickeil Alexander-Walker,27,ATL,SG,12,9,365,71,161,.441,23,71,.324,48,90,.533,.512,49,58,.845,8,26,34,42,13,11,31,20,214,0,,alexani01
60,Jalen Duren,22,DET,C,11,11,319,77,119,.647,0,0,,77,119,.647,.647,59,73,.808,50,82,132,18,12,13,27,37,213,0,,durenja01
61,CJ McCollum,34,WAS,SG,13,13,384,71,180,.394,34,90,.378,37,90,.411,.489,36,44,.818,9,33,42,43,10,3,19,30,212,0,,mccolcj01
62,Deandre Ayton,27,LAL,C,13,13,395,99,143,.692,0,0,,99,143,.692,.692,13,21,.619,37,72,109,12,9,12,35,42,211,0,,aytonde01
63,Ivica Zubac,28,LAC,C,13,13,407,90,143,.629,0,0,,90,143,.629,.629,30,40,.750,42,96,138,29,7,14,29,35,210,0,,zubaciv01
64,Amen Thompson,23,HOU,SF,12,12,426,80,170,.471,6,29,.207,74,141,.525,.488,41,54,.759,27,46,73,62,15,6,27,27,207,0,,thompam01
65,Rui Hachimura,27,LAL,PF,13,13,450,79,137,.577,26,52,.500,53,85,.624,.672,22,30,.733,9,40,49,16,9,3,16,25,206,0,,hachiru01
66,Immanuel Quickley,26,TOR,PG,13,13,408,72,156,.462,30,80,.375,42,76,.553,.558,31,41,.756,8,48,56,81,16,0,22,28,205,0,,quickim01
67,Kyshawn George,22,WAS,SF,12,12,372,74,146,.507,31,69,.449,43,77,.558,.613,24,34,.706,7,66,73,55,11,11,39,57,203,0,,georgky01
68,Kelly Oubre Jr.,30,PHI,SF,12,12,418,74,149,.497,23,67,.343,51,82,.622,.574,30,38,.789,14,47,61,16,13,10,18,32,201,0,,oubreke01
69,Russell Westbrook,37,SAC,SF,14,8,399,71,163,.436,30,74,.405,41,89,.461,.528,29,43,.674,24,69,93,90,14,2,45,30,201,2,,westbru01
70,Jrue Holiday,35,POR,PG,12,12,401,74,166,.446,31,85,.365,43,81,.531,.539,21,25,.840,16,47,63,99,19,3,35,24,200,0,,holidjr01
71,Quentin Grimes,25,PHI,SG,12,0,371,63,135,.467,29,74,.392,34,61,.557,.574,44,53,.830,5,43,48,53,11,6,38,30,199,0,,grimequ01
72,De'Andre Hunter,28,CLE,SF,11,11,320,68,154,.442,21,75,.280,47,79,.595,.510,41,49,.837,7,45,52,34,8,3,18,28,198,0,,huntede01
73,Nikola Vučević,35,CHI,C,12,12,380,78,154,.506,23,53,.434,55,101,.545,.581,19,25,.760,25,96,121,42,8,6,21,29,198,0,,vucevni01
74,Nic Claxton,26,BRK,C,13,13,382,75,123,.610,0,6,.000,75,117,.641,.610,47,66,.712,37,54,91,51,11,18,17,35,197,0,,claxtni01
75,P.J. Washington,27,DAL,PF,13,13,405,71,158,.449,17,56,.304,54,102,.529,.503,38,59,.644,15,83,98,30,12,15,36,29,197,0,,washipj01
76,Cedric Coward,22,MEM,SG,14,1,374,64,134,.478,23,62,.371,41,72,.569,.563,45,50,.900,23,62,85,42,12,6,17,28,196,0,,cowarce01
77,Chet Holmgren,23,OKC,PF,10,10,296,68,118,.576,16,41,.390,52,77,.675,.644,41,47,.872,15,67,82,18,7,13,21,38,193,0,,holmgch01
78,OG Anunoby,28,NYK,PF,12,12,373,70,147,.476,31,79,.392,39,68,.574,.582,19,25,.760,19,48,67,26,23,8,22,28,190,0,,anunoog01
79,Jeremiah Fears,19,NOP,PG,13,11,344,73,167,.437,15,43,.349,58,124,.468,.482,29,35,.829,11,29,40,38,24,1,33,29,190,0,,fearsje01
80,Domantas Sabonis,29,SAC,C,11,11,365,74,145,.510,4,20,.200,70,125,.560,.524,37,51,.725,37,98,135,41,13,2,28,44,189,0,,sabondo01
81,Anfernee Simons,26,BOS,SG,14,0,342,66,163,.405,38,96,.396,28,67,.418,.521,18,20,.900,5,24,29,33,6,3,17,30,188,0,,simonan01
82,Jarrett Allen,27,CLE,C,12,12,311,71,121,.587,0,4,.000,71,117,.607,.587,45,60,.750,29,64,93,21,14,11,19,18,187,0,,allenja01
83,Mikal Bridges,29,NYK,SF,12,12,417,70,144,.486,30,72,.417,40,72,.556,.590,17,20,.850,15,39,54,59,24,11,11,26,187,0,,bridgmi01
84,VJ Edgecombe,20,PHI,SG,12,12,448,69,169,.408,25,66,.379,44,103,.427,.482,24,31,.774,23,45,68,50,16,5,24,37,187,0,,edgecvj01
85,Collin Sexton,27,CHO,SG,12,9,314,60,125,.480,19,44,.432,41,81,.506,.556,46,54,.852,3,25,28,60,9,0,36,29,185,0,,sextoco01
86,Donte DiVincenzo,29,MIN,SG,13,13,399,57,134,.425,38,101,.376,19,33,.576,.567,31,36,.861,12,38,50,46,14,6,19,31,183,0,,divindo01
87,Matas Buzelis,21,CHI,PF,12,12,349,66,136,.485,22,55,.400,44,81,.543,.566,28,33,.848,14,55,69,14,10,13,24,41,182,0,,buzelma01
88,Max Christie,22,DAL,SG,14,11,428,62,130,.477,38,83,.458,24,47,.511,.623,18,24,.750,1,49,50,38,8,8,15,27,180,0,,chrisma02
89,Devin Vassell,25,SAS,SG,13,13,430,65,160,.406,32,94,.340,33,66,.500,.506,18,23,.783,5,41,46,31,14,2,15,27,180,0,,vassede01
90,Jonathan Kuminga,23,GSW,PF,13,12,360,65,136,.478,12,37,.324,53,99,.535,.522,37,48,.771,21,65,86,37,5,4,35,25,179,0,,kuminjo01
91,Brandin Podziemski,22,GSW,SG,15,7,426,65,143,.455,28,73,.384,37,70,.529,.552,21,28,.750,6,62,68,47,19,5,19,34,179,0,,podzibr01
92,Isaiah Hartenstein,27,OKC,C,14,14,401,78,113,.690,0,3,.000,78,110,.709,.690,22,33,.667,48,109,157,43,18,8,30,42,178,0,,harteis01
93,Santi Aldama,25,MEM,PF,14,0,358,69,149,.463,20,64,.313,49,85,.576,.530,19,33,.576,22,74,96,35,15,8,18,22,177,0,,aldamsa01
94,Dillon Brooks,30,PHO,SF,8,8,239,62,135,.459,21,62,.339,41,73,.562,.537,31,33,.939,6,20,26,15,16,2,16,28,176,0,,brookdi01
95,Kyle Kuzma,30,MIL,PF,13,4,338,66,129,.512,12,43,.279,54,86,.628,.558,32,41,.780,8,49,57,22,10,8,17,33,176,0,,kuzmaky01
96,Wendell Carter Jr.,26,ORL,C,14,14,419,58,110,.527,18,40,.450,40,70,.571,.609,40,51,.784,42,61,103,25,9,13,30,57,174,0,,cartewe01
97,Dennis Schröder,32,SAC,PG,14,12,426,65,162,.401,22,64,.344,43,98,.439,.469,20,26,.769,4,47,51,83,15,3,27,26,172,0,,schrode01
98,Moses Moody,23,GSW,SG,13,5,315,53,120,.442,39,86,.453,14,34,.412,.604,26,31,.839,6,30,36,19,12,11,15,23,171,0,,moodymo01
99,D'Angelo Russell,29,DAL,PG,14,3,308,58,152,.382,17,70,.243,41,82,.500,.438,38,54,.704,6,34,40,69,8,2,31,18,171,0,,russeda01
100,Cam Thomas,24,BRK,SG,8,8,226,53,132,.402,16,45,.356,37,87,.425,.462,49,56,.875,3,8,11,21,4,1,16,15,171,0,,thomaca02
101,Aaron Nesmith,26,IND,SF,11,11,335,54,147,.367,31,83,.373,23,64,.359,.473,31,39,.795,17,32,49,17,9,3,8,27,170,0,,nesmiaa01
102,Myles Turner,29,MIL,C,14,14,412,59,134,.440,32,78,.410,27,56,.482,.560,20,29,.690,17,70,87,26,16,25,19,39,170,0,,turnemy01
103,Kevin Huerter,27,CHI,SF,12,3,319,63,127,.496,17,56,.304,46,71,.648,.563,24,29,.828,9,42,51,35,12,12,20,32,167,0,,huertke01
104,Tristan Da Silva,24,ORL,SF,14,2,324,58,119,.487,28,69,.406,30,50,.600,.605,19,24,.792,13,41,54,14,13,3,12,12,163,0,,dasiltr01
105,Duncan Robinson,31,DET,SF,13,13,418,54,119,.454,39,90,.433,15,29,.517,.618,16,21,.762,5,32,37,23,10,5,8,36,163,0,,robindu01
106,Saddiq Bey,26,NOP,SF,13,7,358,57,133,.429,28,70,.400,29,63,.460,.534,19,27,.704,23,39,62,26,10,0,9,13,161,0,,beysa01
107,Naji Marshall,28,DAL,SF,14,1,371,51,108,.472,11,38,.289,40,70,.571,.523,48,59,.814,12,57,69,34,18,0,13,31,161,0,,marshna01
108,Royce O'Neale,32,PHO,SF,14,10,413,56,126,.444,45,103,.437,11,23,.478,.623,4,6,.667,15,62,77,43,17,2,21,36,161,0,,onealro01
109,Toumani Camara,25,POR,PF,13,13,450,59,144,.410,27,86,.314,32,58,.552,.503,15,21,.714,25,43,68,38,14,6,26,41,160,0,,camarto01
110,Bam Adebayo,28,MIA,C,8,8,243,56,124,.452,16,47,.340,40,77,.519,.516,31,36,.861,8,57,65,23,8,2,16,13,159,0,,adebaba01
111,Jabari Smith Jr.,22,HOU,PF,11,11,363,59,129,.457,22,59,.373,37,70,.529,.543,19,23,.826,13,57,70,18,9,9,11,30,159,0,,smithja05
112,Harrison Barnes,33,SAS,PF,13,13,386,52,96,.542,32,66,.485,20,30,.667,.708,21,23,.913,8,28,36,27,14,4,19,24,157,0,,barneha02
113,LaMelo Ball,24,CHO,PG,7,7,227,54,129,.419,22,66,.333,32,63,.508,.504,26,32,.813,9,41,50,69,10,1,24,24,156,1,,ballla01
114,John Collins,28,LAC,PF,13,4,328,62,121,.512,12,36,.333,50,85,.588,.562,20,26,.769,18,42,60,9,12,7,26,28,156,0,,collijo01
115,Kristaps Porziņģis,30,ATL,C,9,9,232,49,114,.430,14,45,.311,35,69,.507,.491,44,51,.863,17,34,51,33,5,14,10,27,156,0,,porzikr01
116,Anthony Black,22,ORL,PG,14,3,370,57,123,.463,15,49,.306,42,74,.568,.524,26,38,.684,7,35,42,34,16,10,30,35,155,0,,blackan01
117,Zaccharie Risacher,20,ATL,SF,12,12,297,61,128,.477,20,58,.345,41,70,.586,.555,13,19,.684,7,25,32,18,14,7,10,21,155,0,,risacza01
118,Ayo Dosunmu,26,CHI,SG,10,0,254,54,103,.524,19,41,.463,35,62,.565,.617,25,27,.926,3,21,24,32,7,1,13,18,152,0,,dosunay01
119,A.J. Green,26,MIL,SG,14,14,382,47,96,.490,42,89,.472,5,7,.714,.708,15,19,.789,1,33,34,24,5,1,11,45,151,0,,greenaj01
120,Reed Sheppard,21,HOU,PG,12,0,275,56,114,.491,33,69,.478,23,45,.511,.636,6,9,.667,3,29,32,37,19,4,15,24,151,0,,sheppre01
121,Naz Reid,26,MIN,C,13,0,316,57,130,.438,24,69,.348,33,61,.541,.531,12,19,.632,16,57,73,27,13,12,18,37,150,0,,reidna01
122,Tre Johnson,19,WAS,SG,13,4,327,56,132,.424,25,67,.373,31,65,.477,.519,12,14,.857,7,35,42,18,4,6,20,25,149,0,,johnstr03
123,Simone Fontecchio,30,MIA,SF,13,0,246,48,96,.500,33,67,.493,15,29,.517,.672,18,21,.857,7,26,33,13,6,3,12,29,147,0,,fontesi01
124,Sam Merrill,29,CLE,SG,11,7,283,47,106,.443,38,90,.422,9,16,.563,.623,15,16,.938,8,12,20,27,6,2,9,34,147,0,,merrisa01
125,Tre Jones,26,CHI,PG,11,11,329,48,97,.495,6,17,.353,42,80,.525,.526,44,52,.846,9,35,44,60,23,2,18,22,146,0,,jonestr01
126,Kawhi Leonard,34,LAC,SF,6,6,201,53,105,.505,14,35,.400,39,70,.557,.571,26,27,.963,5,29,34,21,15,4,11,7,146,0,,leonaka01
127,Tim Hardaway Jr.,33,DEN,SG,12,1,280,47,98,.480,33,67,.493,14,31,.452,.648,17,18,.944,3,20,23,19,5,1,3,16,144,0,,hardati02
128,Keldon Johnson,26,SAS,SF,13,0,301,58,104,.558,7,28,.250,51,76,.671,.591,21,26,.808,31,49,80,22,10,1,9,25,144,0,,johnske04
129,Jock Landale,30,MEM,C,14,13,342,56,103,.544,16,35,.457,40,68,.588,.621,16,23,.696,31,45,76,24,9,6,16,42,144,0,,landajo01
130,Malik Monk,27,SAC,SG,11,0,267,52,114,.456,22,50,.440,30,64,.469,.553,18,20,.900,3,14,17,23,10,5,11,19,144,0,,monkma01
131,Jake LaRavia,24,LAL,PF,14,6,403,52,109,.477,15,45,.333,37,64,.578,.546,24,36,.667,19,44,63,33,21,4,18,36,143,0,,laravja01
132,Gary Trent Jr.,27,MIL,SG,14,12,384,48,123,.390,32,86,.372,16,37,.432,.520,13,18,.722,1,21,22,30,15,1,9,30,141,0,,trentga02
133,Kel'el Ware,21,MIA,C,13,10,312,55,105,.524,13,35,.371,42,70,.600,.586,18,24,.750,34,86,120,9,13,18,13,25,141,0,,wareke01
134,Collin Gillespie,26,PHO,PG,14,0,337,47,122,.385,32,83,.386,15,39,.385,.516,13,17,.765,15,43,58,71,14,6,20,18,139,0,,gilleco01
135,Ausar Thompson,23,DET,SF,10,10,291,58,115,.504,4,13,.308,54,102,.529,.522,19,39,.487,20,46,66,34,18,7,14,29,139,0,,thompau01
136,Tre Mann,24,CHO,PG,13,1,295,52,145,.359,22,71,.310,30,74,.405,.434,12,13,.923,10,33,43,43,8,2,27,30,138,0,,manntr01
137,Mark Williams,24,PHO,C,12,9,305,54,88,.614,0,0,,54,88,.614,.614,29,37,.784,34,67,101,11,15,11,10,34,137,0,,willima07
138,Moussa Diabaté,24,CHO,C,13,1,300,50,75,.667,0,0,,50,75,.667,.667,36,51,.706,53,51,104,13,9,17,10,33,136,0,,diabamo01
139,Derrick Jones Jr.,28,LAC,SF,13,13,324,49,92,.533,16,46,.348,33,46,.717,.620,22,28,.786,11,20,31,14,11,15,10,26,136,0,,jonesde02
140,Derik Queen,21,NOP,C,13,1,290,51,105,.486,1,10,.100,50,95,.526,.490,33,43,.767,21,58,79,34,12,9,26,39,136,0,,queende01
141,Rudy Gobert,33,MIN,C,13,13,410,58,76,.763,0,0,,58,76,.763,.763,19,39,.487,37,88,125,17,6,24,22,40,135,0,,goberru01
142,Bobby Portis,30,MIL,PF,14,0,286,55,117,.470,19,44,.432,36,73,.493,.551,6,8,.750,17,60,77,17,4,1,18,25,135,0,,portibo01
143,Isaiah Joe,26,OKC,SG,9,0,232,40,93,.430,30,74,.405,10,19,.526,.591,23,26,.885,6,24,30,12,7,1,10,18,133,0,,joeis01
144,Jaylen Wells,22,MEM,SG,14,14,354,49,134,.366,21,74,.284,28,60,.467,.444,14,21,.667,17,33,50,21,8,0,12,29,133,0,,wellsja01
145,Aaron Wiggins,27,OKC,SG,9,5,248,51,111,.459,25,60,.417,26,51,.510,.572,6,9,.667,9,24,33,20,4,7,9,20,133,0,,wiggiaa01
146,Jarace Walker,22,IND,PF,13,8,379,43,147,.293,18,70,.257,25,77,.325,.354,28,34,.824,9,61,70,41,7,7,29,27,132,0,,walkeja02
147,Herbert Jones,27,NOP,SF,13,13,397,48,115,.417,22,59,.373,26,56,.464,.513,13,19,.684,12,35,47,31,18,3,21,45,131,0,,joneshe01
148,Davion Mitchell,27,MIA,PG,13,13,398,52,105,.495,15,39,.385,37,66,.561,.567,11,19,.579,6,31,37,99,19,1,22,41,130,0,,mitchda01
149,Neemias Queta,26,BOS,C,14,14,344,57,93,.613,0,3,.000,57,90,.633,.613,16,27,.593,44,70,114,24,11,19,13,44,130,0,,quetane01
150,Pelle Larsson,24,MIA,SG,13,10,279,46,84,.548,15,40,.375,31,44,.705,.637,22,27,.815,5,26,31,35,6,2,15,25,129,0,,larsspe01
151,Terance Mann,29,BRK,SG,13,13,352,48,101,.475,15,40,.375,33,61,.541,.550,18,21,.857,20,20,40,41,11,3,11,42,129,0,,mannte01
152,Julian Champagnie,24,SAS,SF,13,8,357,39,94,.415,27,72,.375,12,22,.545,.559,22,29,.759,10,50,60,16,15,4,17,16,127,0,,champju02
153,Brandon Williams,26,DAL,PG,12,4,247,46,103,.447,4,28,.143,42,75,.560,.466,31,41,.756,6,23,29,40,21,1,22,19,127,0,,willibr03
154,Tari Eason,24,HOU,PF,11,1,255,47,95,.495,27,53,.509,20,42,.476,.637,5,7,.714,16,41,57,18,9,5,19,18,126,0,,easonta01
155,Christian Braun,24,DEN,SG,11,11,325,48,97,.495,6,28,.214,42,69,.609,.526,23,29,.793,18,30,48,33,9,3,14,24,125,0,,braunch01
156,Jalen Suggs,24,ORL,PG,10,10,221,42,78,.538,18,45,.400,24,33,.727,.654,23,26,.885,7,32,39,44,16,3,30,35,125,0,,suggsja01
157,Klay Thompson,35,DAL,SF,13,7,281,44,130,.338,31,97,.320,13,33,.394,.458,6,6,1.000,3,33,36,25,3,5,15,10,125,0,,thompkl01
158,Jordan Clarkson,33,NYK,SG,12,0,207,43,92,.467,19,49,.388,24,43,.558,.571,19,22,.864,11,10,21,19,4,2,11,23,124,0,,clarkjo01
159,Noah Clowney,21,BRK,PF,13,7,326,34,98,.347,22,74,.297,12,24,.500,.459,33,44,.750,10,41,51,23,8,5,21,26,123,0,,clownno01
160,Svi Mykhailiuk,28,UTA,SF,13,13,353,46,98,.469,26,70,.371,20,28,.714,.602,5,6,.833,10,23,33,27,7,3,9,18,123,0,,mykhasv01
161,Dyson Daniels,22,ATL,SG,14,14,459,53,113,.469,3,13,.231,50,100,.500,.482,13,21,.619,23,57,80,82,32,6,29,36,122,0,,daniedy01
162,Ryan Kalkbrenner,24,CHO,C,12,12,318,54,66,.818,0,1,.000,54,65,.831,.818,14,17,.824,41,41,82,5,12,27,20,27,122,0,,kalkbry01
163,Will Richard,23,GSW,SG,13,4,237,43,76,.566,18,44,.409,25,32,.781,.684,18,23,.783,16,16,32,17,14,1,10,28,122,0,,richawi02
164,Cam Spencer,25,MEM,SG,14,1,262,36,86,.419,27,60,.450,9,26,.346,.576,23,26,.885,2,26,28,42,10,1,12,20,122,0,,spencca01
165,Jaylon Tyson,23,CLE,SG,11,7,284,44,90,.489,24,52,.462,20,38,.526,.622,10,13,.769,15,29,44,20,14,9,11,42,122,0,,tysonja01
166,Ryan Dunn,23,PHO,SF,14,9,334,49,102,.480,14,44,.318,35,58,.603,.549,9,13,.692,29,42,71,25,15,10,14,34,121,0,,dunnry01
167,Jordan Poole,26,NOP,PG,7,4,212,35,99,.354,20,59,.339,15,40,.375,.455,31,32,.969,3,9,12,24,2,2,15,18,121,0,,poolejo01
168,Ron Holland,20,DET,SF,13,4,309,44,114,.386,13,45,.289,31,69,.449,.443,19,22,.864,12,38,50,24,23,3,24,39,120,0,,hollaro01
169,Landry Shamet,28,NYK,SG,12,3,249,37,76,.487,25,56,.446,12,20,.600,.651,21,25,.840,6,18,24,11,5,1,6,15,120,0,,shamela01
170,Cole Anthony,25,MIL,PG,13,0,253,50,116,.431,11,37,.297,39,79,.494,.478,8,15,.533,8,37,45,65,10,5,27,37,119,0,,anthoco01
171,Joel Embiid,31,PHI,C,6,6,140,40,87,.460,9,28,.321,31,59,.525,.511,29,35,.829,9,24,33,20,5,9,16,13,118,0,,embiijo01
172,Nikola Jović,22,MIA,PF,13,1,284,39,95,.411,14,47,.298,25,48,.521,.484,26,35,.743,10,50,60,41,9,6,25,34,118,0,,jovicni01
173,Jalen Smith,25,CHI,C,12,0,190,43,89,.483,19,49,.388,24,40,.600,.590,12,18,.667,25,49,74,16,2,4,12,25,117,0,,smithja04
174,Cam Whitmore,21,WAS,SF,13,0,221,45,99,.455,11,34,.324,34,65,.523,.510,15,20,.750,8,22,30,8,11,2,13,17,116,0,,whitmca01
175,Donovan Clingan,21,POR,C,13,13,326,46,96,.479,8,40,.200,38,56,.679,.521,15,16,.938,58,59,117,15,9,18,9,36,115,0,,clingdo01
176,Sandro Mamukelashvili,26,TOR,C,12,0,217,41,69,.594,13,29,.448,28,40,.700,.688,20,25,.800,12,31,43,23,6,5,11,20,115,0,,mamuksa01
177,Zion Williamson,25,NOP,PF,5,5,157,38,78,.487,0,0,,38,78,.487,.487,38,57,.667,16,18,34,23,10,1,17,12,114,0,,willizi01
178,Marcus Smart,31,LAL,SG,11,9,321,35,87,.402,12,52,.231,23,35,.657,.471,30,32,.938,6,20,26,37,24,2,26,33,112,0,,smartma01
179,Kentavious Caldwell-Pope,32,MEM,SG,14,13,327,36,101,.356,14,47,.298,22,54,.407,.426,25,28,.893,5,31,36,43,11,4,16,18,111,0,,caldwke01
180,Vit Krejci,25,ATL,PG,10,0,211,39,72,.542,26,54,.481,13,18,.722,.722,7,10,.700,3,21,24,18,5,3,6,25,111,0,,krejcvi01
181,Cason Wallace,22,OKC,SG,13,13,378,40,96,.417,21,55,.382,19,41,.463,.526,10,11,.909,11,30,41,36,30,4,14,31,111,0,,wallaca01
182,De'Aaron Fox,28,SAS,PG,5,5,171,43,84,.512,12,32,.375,31,52,.596,.583,12,13,.923,7,11,18,34,5,1,20,13,110,0,,foxde01
183,Isaiah Stewart,24,DET,C,10,3,230,42,85,.494,12,31,.387,30,54,.556,.565,14,21,.667,23,44,67,15,2,19,10,29,110,0,,stewais01
184,Ziaire Williams,24,BRK,SF,11,0,251,34,86,.395,20,64,.313,14,22,.636,.512,22,26,.846,8,20,28,5,10,5,9,28,110,0,,willizi02
185,Ace Bailey,19,UTA,SF,13,4,261,41,99,.414,13,40,.325,28,59,.475,.480,14,17,.824,26,21,47,20,8,2,18,32,109,0,,baileac01
186,Brice Sensabaugh,22,UTA,SF,12,0,174,37,81,.457,21,58,.362,16,23,.696,.586,14,15,.933,6,27,33,13,6,1,10,18,109,0,,sensabr01
187,Andrew Nembhard,26,IND,PG,6,6,168,33,83,.398,12,37,.324,21,46,.457,.470,30,31,.968,1,10,11,39,2,1,12,15,108,0,,nembhan01
188,Draymond Green,35,GSW,PF,14,14,394,38,102,.373,21,59,.356,17,43,.395,.475,10,17,.588,13,68,81,80,11,10,45,52,107,0,,greendr01
189,Sion James,23,CHO,SG,13,8,349,35,72,.486,20,41,.488,15,31,.484,.625,16,19,.842,5,34,39,19,10,4,12,21,106,0,,jamessi01
190,Isaiah Jackson,24,IND,C,13,9,242,41,74,.554,0,0,,41,74,.554,.554,23,28,.821,31,48,79,12,8,4,15,41,105,0,,jacksis01
191,Anthony Davis,32,DAL,PF,5,5,149,39,75,.520,3,11,.273,36,64,.563,.540,23,31,.742,17,34,51,11,8,6,11,13,104,0,,davisan02
192,Buddy Hield,33,GSW,SG,15,0,252,37,87,.425,18,56,.321,19,31,.613,.529,12,13,.923,5,19,24,24,13,0,15,19,104,0,,hieldbu01
193,Corey Kispert,26,WAS,SF,13,0,247,36,72,.500,18,47,.383,18,25,.720,.625,14,19,.737,4,26,30,21,3,2,9,17,104,0,,kispeco01
194,Jonas Valančiūnas,33,DEN,C,12,0,151,40,72,.556,2,6,.333,38,66,.576,.569,22,31,.710,20,39,59,15,1,9,12,24,104,0,,valanjo01
195,Kyle Filipowski,22,UTA,C,13,5,258,35,85,.412,11,35,.314,24,50,.480,.476,20,29,.690,20,53,73,30,5,7,16,36,101,0,,filipky01
196,Luke Kennard,29,ATL,SG,12,0,274,35,72,.486,18,42,.429,17,30,.567,.611,12,13,.923,8,19,27,21,12,1,15,15,100,0,,kennalu01
197,Jakob Poeltl,30,TOR,C,9,9,222,41,58,.707,0,0,,41,58,.707,.707,18,33,.545,27,39,66,16,6,6,11,33,100,0,,poeltja01
198,Keon Ellis,26,SAC,SG,14,2,263,34,75,.453,24,54,.444,10,21,.476,.613,7,10,.700,4,17,21,9,20,4,6,33,99,0,,elliske01
199,Dalton Knecht,24,LAL,SF,13,1,246,39,84,.464,15,46,.326,24,38,.632,.554,6,9,.667,8,23,31,8,7,6,8,19,99,0,,knechda01
200,Khris Middleton,34,WAS,SF,10,10,248,38,80,.475,9,28,.321,29,52,.558,.531,14,19,.737,13,26,39,24,9,2,16,33,99,0,,middlkh01
201,Isaac Okoro,25,CHI,SG,12,12,310,35,79,.443,14,37,.378,21,42,.500,.532,15,17,.882,15,21,36,23,6,9,15,40,99,0,,okorois01
202,Gradey Dick,22,TOR,SG,13,0,215,31,74,.419,15,44,.341,16,30,.533,.520,21,26,.808,5,25,30,7,7,0,5,10,98,0,,dickgr01
203,Josh Minott,23,BOS,PF,13,9,263,35,76,.461,13,39,.333,22,37,.595,.546,14,17,.824,25,44,69,19,14,5,9,29,97,0,,minotjo01
204,Patrick Williams,24,CHI,PF,12,0,267,33,74,.446,19,45,.422,14,29,.483,.574,12,18,.667,8,27,35,18,14,5,14,20,97,0,,willipa01
205,Daniel Gafford,27,DAL,C,9,9,207,37,56,.661,0,0,,37,56,.661,.661,22,27,.815,20,33,53,10,8,15,10,25,96,0,,gaffoda01
206,Josh Hart,30,NYK,SF,11,0,272,37,80,.463,12,34,.353,25,46,.543,.538,10,13,.769,18,56,74,47,9,1,19,21,96,1,,hartjo01
207,Josh Okogie,27,HOU,SG,12,10,271,31,63,.492,16,35,.457,15,28,.536,.619,18,22,.818,11,16,27,15,19,2,7,25,96,0,,okogijo01
208,Luka Garza,27,BOS,C,13,0,185,35,61,.574,8,21,.381,27,40,.675,.639,17,22,.773,32,22,54,11,4,6,5,40,95,0,,garzalu01
209,Tyrese Martin,26,BRK,SG,13,2,275,36,97,.371,17,57,.298,19,40,.475,.459,6,9,.667,14,27,41,32,7,3,14,13,95,0,,martity01
210,Marvin Bagley III,26,WAS,PF,13,0,190,38,58,.655,3,6,.500,35,52,.673,.681,15,21,.714,24,31,55,16,6,7,12,27,94,0,,baglema01
211,Kris Dunn,31,LAC,PG,13,7,333,35,75,.467,11,31,.355,24,44,.545,.540,13,18,.722,11,22,33,29,20,4,19,33,94,0,,dunnkr01
212,Jusuf Nurkić,31,UTA,C,13,8,314,35,94,.372,4,24,.167,31,70,.443,.394,20,33,.606,29,95,124,47,23,6,35,36,94,0,,nurkiju01
213,Jose Alvarado,27,NOP,PG,12,0,235,31,72,.431,20,47,.426,11,25,.440,.569,11,13,.846,5,24,29,31,11,0,13,17,93,0,,alvarjo01
214,Javonte Green,32,DET,SG,13,3,294,29,80,.363,13,42,.310,16,38,.421,.444,22,31,.710,13,37,50,17,13,7,10,19,93,0,,greenja02
215,Sam Hauser,28,BOS,PF,14,2,301,30,96,.313,28,85,.329,2,11,.182,.458,3,4,.750,10,35,45,18,7,4,10,14,91,0,,hausesa01
216,Drew Eubanks,28,SAC,C,14,3,205,37,56,.661,0,1,.000,37,55,.673,.661,15,31,.484,9,30,39,4,7,14,13,18,89,0,,eubandr01
217,Collin Murray-Boyles,20,TOR,PF,10,3,204,33,65,.508,9,18,.500,24,47,.511,.577,14,19,.737,19,18,37,12,8,5,11,25,89,0,,murraco01
218,Trae Young,27,ATL,PG,5,5,139,26,70,.371,5,26,.192,21,44,.477,.407,32,39,.821,0,10,10,39,4,1,10,9,89,0,,youngtr01
219,Andre Drummond,32,PHI,C,11,3,236,35,59,.593,6,14,.429,29,45,.644,.644,12,20,.600,33,64,97,9,8,10,6,23,88,0,,drumman01
220,Mouhamed Gueye,23,ATL,PF,14,2,231,36,72,.500,10,34,.294,26,38,.684,.569,5,10,.500,15,38,53,20,6,8,12,27,87,0,,gueyemo02
221,Brook Lopez,37,LAC,C,13,0,199,31,73,.425,18,51,.353,13,22,.591,.548,7,10,.700,4,26,30,8,5,11,12,22,87,0,,lopezbr01
222,Caris LeVert,31,DET,SG,9,0,181,31,61,.508,12,27,.444,19,34,.559,.607,12,19,.632,1,11,12,27,6,4,14,12,86,0,,leverca01
223,Miles McBride,25,NYK,SG,10,2,228,30,76,.395,19,50,.380,11,26,.423,.520,6,9,.667,9,16,25,27,9,1,8,15,85,0,,mcbrimi01
224,Jamal Shead,23,TOR,PG,13,0,233,28,65,.431,16,37,.432,12,28,.429,.554,13,16,.813,5,17,22,66,9,0,15,28,85,0,,sheadja01
225,Ben Sheppard,24,IND,SG,13,5,326,31,98,.316,13,54,.241,18,44,.409,.383,10,13,.769,11,48,59,21,6,2,9,34,85,0,,sheppbe01
226,Egor Demin,19,BRK,PG,12,5,246,28,75,.373,20,56,.357,8,19,.421,.507,8,9,.889,6,30,36,40,10,2,18,21,84,0,,demineg01
227,Dylan Harper,19,SAS,SG,6,0,140,32,64,.500,5,14,.357,27,50,.540,.539,15,18,.833,5,19,24,23,4,0,11,18,84,0,,harpedy01
228,Goga Bitadze,26,ORL,C,14,0,235,30,43,.698,2,6,.333,28,37,.757,.721,21,29,.724,23,48,71,16,7,18,7,30,83,0,,bitadgo01
229,Bub Carrington,20,WAS,PG,13,5,349,28,85,.329,17,39,.436,11,46,.239,.429,10,14,.714,3,49,52,57,9,2,32,33,83,0,,carrica01
230,Quinten Post,25,GSW,PF,15,7,214,30,68,.441,18,49,.367,12,19,.632,.574,5,7,.714,13,45,58,13,6,9,9,17,83,0,,postqu01
231,Mike Conley,38,MIN,PG,13,4,266,24,57,.421,18,38,.474,6,19,.316,.579,15,15,1.000,5,21,26,46,8,3,13,22,81,0,,conlemi01
232,Tobias Harris,33,DET,PF,6,6,193,28,71,.394,8,28,.286,20,43,.465,.451,17,18,.944,5,31,36,17,5,1,8,18,81,0,,harrito02
233,Trendon Watford,25,PHI,PF,9,4,194,31,59,.525,5,12,.417,26,47,.553,.568,14,19,.737,12,31,43,33,3,2,13,23,81,1,,watfotr01
234,Bruce Brown,29,DEN,SG,12,0,270,29,68,.426,9,21,.429,20,47,.426,.493,13,15,.867,14,40,54,16,9,2,10,29,80,0,,brownbr01
235,Cameron Johnson,29,DEN,SF,11,11,269,29,78,.372,8,38,.211,21,40,.525,.423,13,16,.813,7,22,29,20,6,1,6,25,79,0,,johnsca02
236,Daniss Jenkins,24,DET,PG,8,2,156,30,64,.469,11,20,.550,19,44,.432,.555,7,10,.700,6,10,16,29,12,0,11,11,78,0,,jenkida01
237,Paul Reed,26,DET,C,11,2,141,35,51,.686,4,7,.571,31,44,.705,.725,4,8,.500,24,29,53,13,12,10,13,20,78,0,,reedpa01
238,Peyton Watson,23,DEN,SF,12,2,266,28,64,.438,4,18,.222,24,46,.522,.469,18,25,.720,14,30,44,16,14,13,12,23,78,0,,watsope01
239,Craig Porter Jr.,25,CLE,PG,14,0,239,30,60,.500,11,25,.440,19,35,.543,.592,6,12,.500,20,21,41,37,14,8,12,15,77,0,,portecr01
240,Day'Ron Sharpe,24,BRK,C,12,0,189,28,45,.622,3,10,.300,25,35,.714,.656,18,27,.667,28,35,63,23,10,6,24,29,77,0,,sharpda01
241,Dru Smith,28,MIA,SG,13,0,217,29,62,.468,9,27,.333,20,35,.571,.540,10,12,.833,11,14,25,43,20,2,12,24,77,0,,smithdr01
242,Tony Bradley,28,IND,C,13,3,186,32,50,.640,0,1,.000,32,49,.653,.640,11,17,.647,26,17,43,10,2,3,4,30,75,0,,bradlto01
243,Jordan Goodwin,27,PHO,PG,11,0,184,27,63,.429,13,33,.394,14,30,.467,.532,6,8,.750,17,24,41,22,13,1,12,18,73,0,,goodwjo01
244,Walker Kessler,24,UTA,C,5,5,154,26,37,.703,6,8,.750,20,29,.690,.784,14,20,.700,23,31,54,15,7,9,16,22,72,0,,kesslwa01
245,Dean Wade,29,CLE,PF,13,2,284,24,65,.369,15,48,.313,9,17,.529,.485,9,12,.750,12,32,44,17,9,7,4,23,72,0,,wadede01
246,Vince Williams Jr.,25,MEM,SG,9,1,174,23,58,.397,14,39,.359,9,19,.474,.517,12,14,.857,6,32,38,24,7,2,18,18,72,0,,willivi01
247,Jay Huff,27,IND,C,13,2,194,25,68,.368,12,46,.261,13,22,.591,.456,9,13,.692,14,26,40,10,1,24,8,27,71,0,,huffja01
248,Lonzo Ball,28,CLE,PG,11,2,253,23,65,.354,18,53,.340,5,12,.417,.492,6,8,.750,14,30,44,59,11,2,26,20,70,0,,balllo01
249,Jaylin Williams,23,OKC,PF,13,1,247,24,71,.338,17,63,.270,7,8,.875,.458,5,7,.714,8,54,62,31,8,8,10,21,70,0,,willija07
250,Bogdan Bogdanović,33,LAC,SG,7,2,183,23,57,.404,13,35,.371,10,22,.455,.518,9,10,.900,2,21,23,22,6,1,12,18,68,0,,bogdabo01
251,Walter Clayton,22,UTA,PG,11,0,178,22,54,.407,10,29,.345,12,25,.480,.500,14,14,1.000,6,20,26,35,5,3,15,20,68,0,,claytwa01
252,Jalen Wilson,25,BRK,PF,11,0,173,21,53,.396,16,36,.444,5,17,.294,.547,10,13,.769,2,9,11,7,2,0,8,15,68,0,,wilsoja03
253,Steven Adams,32,HOU,C,11,2,239,25,49,.510,0,0,,25,49,.510,.510,17,23,.739,56,47,103,16,8,8,12,24,67,0,,adamsst01
254,Justin Edwards,22,PHI,SF,10,1,136,24,47,.511,16,34,.471,8,13,.615,.681,3,3,1.000,5,10,15,9,2,2,5,21,67,0,,edwarju01
255,RayJ Dennis,24,IND,PG,11,0,161,22,70,.314,12,37,.324,10,33,.303,.400,8,9,.889,8,11,19,25,3,4,14,16,64,0,,dennira01
256,Kris Murray,25,POR,SF,12,0,273,27,56,.482,6,19,.316,21,37,.568,.536,4,6,.667,15,23,38,13,13,2,7,22,64,0,,murrakr01
257,Jarred Vanderbilt,26,LAL,PF,14,2,257,22,50,.440,4,14,.286,18,36,.500,.480,16,19,.842,19,59,78,21,14,5,22,27,64,0,,vandeja01
258,Bennedict Mathurin,23,IND,SF,2,2,73,17,31,.548,5,10,.500,12,21,.571,.629,23,26,.885,3,11,14,5,0,0,5,6,62,0,,mathube01
259,Luke Kornet,30,SAS,C,6,1,138,25,31,.806,0,0,,25,31,.806,.806,11,16,.688,19,20,39,11,0,7,4,12,61,0,,kornelu01
260,Keaton Wallace,26,ATL,PG,13,2,209,23,54,.426,13,31,.419,10,23,.435,.546,2,4,.500,1,24,25,39,11,2,11,19,61,0,,wallake01
261,Tyrese Proctor,21,CLE,PG,12,0,142,21,62,.339,12,41,.293,9,21,.429,.435,6,7,.857,2,10,12,14,4,0,6,20,60,0,,proctty01
262,Oso Ighodaro,23,PHO,PF,14,4,220,26,50,.520,0,0,,26,50,.520,.520,7,14,.500,6,39,45,17,6,10,18,35,59,0,,ighodos01
263,Quenton Jackson,27,IND,PG,5,3,101,20,37,.541,6,12,.500,14,25,.560,.622,13,18,.722,5,12,17,18,5,1,6,10,59,0,,jacksqu01
264,Alex Caruso,31,OKC,SG,10,0,183,20,52,.385,13,35,.371,7,17,.412,.510,5,6,.833,2,19,21,24,19,3,9,7,58,0,,carusal01
265,Nick Richards,28,PHO,C,14,1,145,20,36,.556,0,0,,20,36,.556,.556,18,25,.720,18,31,49,5,2,7,13,21,58,0,,richani01
266,Jaxson Hayes,25,LAL,C,11,1,185,24,35,.686,1,1,1.000,23,34,.676,.700,7,11,.636,13,33,46,13,4,5,6,17,56,0,,hayesja02
267,Jaylen Clark,24,MIN,SG,11,0,178,19,41,.463,7,18,.389,12,23,.522,.549,10,16,.625,11,12,23,9,9,1,5,25,55,0,,clarkja02
268,Isaiah Collier,21,UTA,PG,5,1,131,18,30,.600,2,5,.400,16,25,.640,.633,17,24,.708,0,18,18,37,2,2,12,16,55,0,,colliis01
269,Jaden Hardy,23,DAL,SG,11,0,117,18,45,.400,11,28,.393,7,17,.412,.522,7,9,.778,2,11,13,4,4,1,9,12,54,0,,hardyja02
270,Al Horford,39,GSW,C,10,0,216,20,59,.339,14,43,.326,6,16,.375,.458,0,0,,10,29,39,18,8,10,13,16,54,0,,horfoal01
271,Luguentz Dort,26,OKC,SF,8,8,245,18,58,.310,8,38,.211,10,20,.500,.379,9,10,.900,14,25,39,12,7,1,6,21,53,0,,dortlu01
272,Rob Dillingham,21,MIN,PG,11,0,123,20,49,.408,3,10,.300,17,39,.436,.439,8,11,.727,2,10,12,24,7,0,14,12,51,0,,dilliro01
273,Bradley Beal,32,LAC,SG,6,6,121,18,48,.375,7,19,.368,11,29,.379,.448,6,8,.750,2,3,5,10,3,0,9,14,49,0,,bealbr01
274,Karlo Matković,24,NOP,PF,11,0,115,22,32,.688,2,6,.333,20,26,.769,.719,3,8,.375,7,20,27,8,2,5,4,11,49,0,,matkoka01
275,Taurean Prince,31,MIL,SF,8,0,169,17,38,.447,12,28,.429,5,10,.500,.605,3,3,1.000,0,13,13,8,6,2,5,20,49,0,,princta02
276,Nicolas Batum,37,LAC,PF,13,2,230,16,50,.320,14,45,.311,2,5,.400,.460,2,2,1.000,6,29,35,10,11,8,7,25,48,0,,batumni01
277,Bilal Coulibaly,21,WAS,SG,5,5,123,16,44,.364,5,17,.294,11,27,.407,.420,11,15,.733,4,18,22,17,6,6,10,11,48,0,,coulibi01
278,Jordan Hawkins,23,NOP,SG,12,0,168,17,59,.288,9,35,.257,8,24,.333,.364,5,7,.714,6,17,23,8,2,0,4,7,48,0,,hawkijo01
279,Nique Clifford,23,SAC,SG,10,2,192,17,51,.333,6,23,.261,11,28,.393,.392,7,10,.700,7,23,30,22,4,4,7,23,47,0,,cliffni01
280,Bones Hyland,25,MIN,PG,11,0,101,18,35,.514,8,22,.364,10,13,.769,.629,3,4,.750,1,9,10,15,5,0,8,13,47,0,,hylanbo01
281,Yves Missi,21,NOP,C,8,4,153,19,30,.633,0,0,,19,30,.633,.633,9,18,.500,24,17,41,10,2,8,9,13,47,0,,missiyv01
282,Asa Newell,20,ATL,PF,8,0,80,16,32,.500,8,16,.500,8,16,.500,.625,7,9,.778,9,8,17,1,4,3,4,11,47,0,,newelas01
283,Jeremy Sochan,22,SAS,PF,7,0,109,17,27,.630,5,10,.500,12,17,.706,.722,7,9,.778,4,15,19,11,3,2,8,20,46,0,,sochaje01
284,Jordan Walsh,21,BOS,PF,10,2,173,18,39,.462,7,17,.412,11,22,.500,.551,3,4,.750,13,31,44,10,10,6,2,22,46,0,,walshjo01
285,Jeremiah Robinson-Earl,25,IND,PF,8,3,167,17,45,.378,3,15,.200,14,30,.467,.411,8,9,.889,22,29,51,7,5,0,6,9,45,0,,robinje02
286,Cam Christie,20,LAC,SG,8,0,92,13,30,.433,7,16,.438,6,14,.429,.550,11,15,.733,3,12,15,8,2,1,1,3,44,0,,chrisca02
287,Moussa Cisse,23,DAL,C,10,0,108,18,24,.750,0,0,,18,24,.750,.750,8,18,.444,18,18,36,1,2,14,9,20,44,0,,cissemo01
288,Larry Nance Jr.,33,CLE,PF,12,1,181,18,53,.340,7,26,.269,11,27,.407,.406,1,3,.333,10,28,38,16,6,2,9,34,44,0,,nancela02
289,Pat Spencer,29,GSW,PG,9,0,99,14,40,.350,5,13,.385,9,27,.333,.413,11,12,.917,4,9,13,16,6,1,5,8,44,0,,spencpa01
290,Drake Powell,20,BRK,SG,7,0,124,18,34,.529,5,11,.455,13,23,.565,.603,2,2,1.000,3,13,16,14,6,1,9,12,43,0,,poweldr01
291,Nick Smith Jr.,21,LAL,SG,6,0,90,16,37,.432,8,18,.444,8,19,.421,.541,2,3,.667,0,6,6,13,3,1,10,4,42,0,,smithni01
292,Obi Toppin,27,IND,PF,3,0,82,15,36,.417,3,17,.176,12,19,.632,.458,9,9,1.000,3,17,20,5,3,0,6,7,42,0,,toppiob01
293,Precious Achiuwa,26,SAC,C,7,4,118,17,31,.548,0,8,.000,17,23,.739,.548,7,13,.538,10,19,29,5,5,3,3,7,41,0,,achiupr01
294,Jamison Battle,24,TOR,SF,10,0,73,15,21,.714,11,15,.733,4,6,.667,.976,0,0,,1,10,11,2,2,1,4,5,41,0,,battlja01
295,Clint Capela,31,HOU,C,11,0,108,16,25,.640,0,0,,16,25,.640,.640,8,10,.800,27,22,49,4,3,6,4,11,40,0,,capelca01
296,Taylor Hendricks,22,UTA,PF,9,3,148,15,40,.375,4,17,.235,11,23,.478,.425,6,8,.750,16,22,38,4,4,3,5,4,40,0,,hendrta01
297,Darius Garland,26,CLE,PG,3,3,73,12,36,.333,7,19,.368,5,17,.294,.431,8,8,1.000,3,6,9,15,3,0,5,6,39,0,,garlada01
298,Trayce Jackson-Davis,25,GSW,C,9,0,100,15,28,.536,0,0,,15,28,.536,.536,8,11,.727,10,11,21,11,3,4,7,17,38,0,,jackstr02
299,Duop Reath,29,POR,C,9,0,71,13,22,.591,12,20,.600,1,2,.500,.864,0,0,,1,5,6,4,0,1,1,7,38,0,,reathdu01
300,Jabari Walker,23,PHI,PF,12,5,154,16,37,.432,2,12,.167,14,25,.560,.459,4,5,.800,16,21,37,5,2,3,5,22,38,0,,walkeja01
301,Liam McNeeley,20,CHO,SF,9,0,112,9,29,.310,6,18,.333,3,11,.273,.414,13,15,.867,4,13,17,11,2,1,5,14,37,0,,mcneeli01
302,Olivier-Maxence Prosper,23,MEM,PF,9,0,76,10,20,.500,0,5,.000,10,15,.667,.500,16,16,1.000,6,12,18,5,1,1,4,4,36,0,,prospol01
303,Blake Wesley,22,POR,SG,6,0,98,14,34,.412,2,10,.200,12,24,.500,.441,6,10,.600,2,12,14,19,10,1,7,14,36,0,,weslebl01
304,Nae'Qwan Tomlin,25,CLE,PF,5,0,64,13,25,.520,0,7,.000,13,18,.722,.520,9,10,.900,11,7,18,3,6,4,1,14,35,0,,tomlina01
305,Jonathan Isaac,28,ORL,PF,13,0,126,11,29,.379,4,18,.222,7,11,.636,.448,8,12,.667,8,29,37,1,6,5,3,9,34,0,,isaacjo01
306,Kevin Love,37,UTA,PF,7,0,99,9,25,.360,6,21,.286,3,4,.750,.480,10,12,.833,5,25,30,18,0,2,7,8,34,0,,loveke01
307,KJ Simpson,23,CHO,PG,6,0,90,13,37,.351,5,14,.357,8,23,.348,.419,3,4,.750,3,11,14,18,4,0,10,8,34,0,,simpskj01
308,Javon Small,23,MEM,PG,8,0,99,10,28,.357,6,19,.316,4,9,.444,.464,8,10,.800,1,7,8,22,0,1,8,7,34,0,,smallja01
309,Pat Connaughton,33,CHO,SG,9,0,85,12,26,.462,6,16,.375,6,10,.600,.577,3,5,.600,3,15,18,6,4,1,3,4,33,0,,connapa01
310,Hugo González,19,BOS,SF,11,1,136,14,31,.452,5,10,.500,9,21,.429,.532,0,1,.000,8,14,22,7,9,2,6,20,33,0,,gonzahu01
311,Aaron Holiday,29,HOU,PG,7,0,58,10,18,.556,5,11,.455,5,7,.714,.694,8,9,.889,0,4,4,7,1,1,5,5,33,0,,holidaa01
312,Gary Payton II,33,GSW,SG,14,0,138,15,36,.417,3,16,.188,12,20,.600,.458,0,0,,12,25,37,15,9,4,8,16,33,0,,paytoga02
313,Julian Strawther,23,DEN,SG,9,0,71,11,30,.367,2,16,.125,9,14,.643,.400,9,13,.692,0,14,14,4,0,1,3,6,33,0,,strawju01
314,Robert Williams,28,POR,C,8,0,100,16,26,.615,1,3,.333,15,23,.652,.635,0,1,.000,15,16,31,6,5,5,2,8,33,0,,williro04
315,Justin Champagnie,24,WAS,SF,12,3,101,8,25,.320,2,10,.200,6,15,.400,.360,14,17,.824,17,17,34,4,4,0,2,12,32,0,,champju01
316,Ja'Kobe Walter,21,TOR,SG,10,0,119,10,31,.323,6,22,.273,4,9,.444,.419,6,7,.857,6,7,13,6,7,1,8,18,32,0,,walteja01
317,Jalen Green,23,PHO,SG,2,2,30,11,23,.478,6,14,.429,5,9,.556,.609,3,5,.600,2,2,4,4,2,0,2,2,31,0,,greenja05
318,John Konchar,29,MEM,SG,12,0,138,12,22,.545,6,14,.429,6,8,.750,.682,1,1,1.000,3,24,27,11,9,5,4,9,31,0,,konchjo01
319,Chaz Lanier,24,DET,SG,9,0,98,10,30,.333,8,26,.308,2,4,.500,.467,3,3,1.000,5,5,10,9,2,0,1,3,31,0,,laniech01
320,Guerschon Yabusele,30,NYK,C,11,0,106,10,31,.323,7,22,.318,3,9,.333,.435,3,6,.500,12,15,27,4,2,1,2,13,30,0,,yabusgu01
321,Ousmane Dieng,22,OKC,C,11,0,130,11,35,.314,3,16,.188,8,19,.421,.357,4,4,1.000,4,17,21,6,1,5,6,10,29,0,,diengou01
322,Brandon Miller,23,CHO,SF,2,2,40,10,25,.400,2,11,.182,8,14,.571,.440,7,10,.700,0,0,0,8,1,1,3,5,29,0,,millebr02
323,Baylor Scheierman,25,BOS,SG,10,0,100,10,18,.556,8,15,.533,2,3,.667,.778,1,1,1.000,5,16,21,4,3,1,2,8,29,0,,scheiba01
324,Tristan Vukcevic,22,WAS,C,10,0,59,10,22,.455,3,10,.300,7,12,.583,.523,6,10,.600,1,8,9,4,1,4,5,6,29,0,,vukcetr01
325,Jett Howard,22,ORL,SF,10,0,84,10,29,.345,8,22,.364,2,7,.286,.483,0,0,,1,5,6,7,1,3,1,5,28,0,,howarje01
326,Jordan McLaughlin,29,SAS,PG,8,0,74,10,24,.417,5,15,.333,5,9,.556,.521,3,3,1.000,3,3,6,10,7,0,2,7,28,0,,mclaujo01
327,Jordan Miller,26,LAC,SF,3,0,49,8,16,.500,5,9,.556,3,7,.429,.656,7,8,.875,3,5,8,3,1,0,3,2,28,0,,millejo02
328,Dwight Powell,34,DAL,C,11,0,98,6,12,.500,0,0,,6,12,.500,.500,15,17,.882,10,11,21,7,4,2,5,20,27,0,,poweldw01
329,Terrence Shannon Jr.,25,MIN,SG,7,0,115,9,28,.321,4,11,.364,5,17,.294,.393,5,7,.714,3,14,17,8,4,0,6,11,27,0,,shannte01
330,Coby White,25,CHI,SG,1,0,30,5,14,.357,3,8,.375,2,6,.333,.464,14,14,1.000,0,4,4,8,1,0,3,3,27,0,,whiteco01
331,Adem Bona,22,PHI,C,12,3,177,9,20,.450,0,1,.000,9,19,.474,.450,8,16,.500,15,26,41,3,5,20,7,18,26,0,,bonaad01
332,T.J. McConnell,33,IND,PG,3,0,43,12,31,.387,1,6,.167,11,25,.440,.403,1,1,1.000,1,2,3,7,2,0,0,3,26,0,,mccontj01
333,Maxime Raynaud,22,SAC,C,6,0,74,9,23,.391,0,3,.000,9,20,.450,.391,8,9,.889,7,15,22,4,2,2,6,6,26,0,,raynama01
334,Dominick Barlow,22,PHI,PF,3,2,79,9,18,.500,2,7,.286,7,11,.636,.556,5,6,.833,11,9,20,8,0,3,5,6,25,0,,barlodo01
335,Branden Carlson,26,OKC,C,9,0,76,11,25,.440,3,12,.250,8,13,.615,.500,0,0,,3,14,17,3,2,4,3,10,25,0,,carlsbr01
336,Kobe Sanders,23,LAC,SG,5,0,69,9,23,.391,5,14,.357,4,9,.444,.500,2,3,.667,5,4,9,7,3,0,5,10,25,0,,sandeko01
337,Ochai Agbaji,25,TOR,SG,9,1,125,9,25,.360,1,12,.083,8,13,.615,.380,5,8,.625,2,17,19,6,5,1,3,16,24,0,,agbajoc01
338,Gui Santos,23,GSW,PF,12,0,77,9,21,.429,5,16,.313,4,5,.800,.548,1,2,.500,8,8,16,2,4,0,5,15,24,0,,santogu01
339,Tyler Kolek,24,NYK,PG,10,0,67,10,24,.417,3,13,.231,7,11,.636,.479,0,0,,2,3,5,13,1,0,6,9,23,0,,kolekty01
340,Ben Saraf,19,BRK,SG,7,5,97,7,27,.259,3,13,.231,4,14,.286,.315,6,8,.750,3,10,13,17,2,0,9,13,23,0,,sarafbe01
341,Dereck Lively II,21,DAL,C,5,3,80,9,14,.643,0,0,,9,14,.643,.643,4,6,.667,6,17,23,10,3,7,8,15,22,0,,livelde01
342,Isaiah Livers,27,PHO,PF,8,0,92,7,16,.438,5,14,.357,2,2,1.000,.594,3,3,1.000,4,10,14,4,2,3,1,6,22,0,,liveris01
343,Mitchell Robinson,27,NYK,C,6,6,97,11,19,.579,0,0,,11,19,.579,.579,0,1,.000,35,17,52,6,3,7,4,17,22,0,,robinmi01
344,Tidjane Salaün,20,CHO,PF,7,0,83,7,19,.368,4,12,.333,3,7,.429,.474,4,6,.667,5,20,25,5,2,1,3,8,22,0,,salauti01
345,Kyle Anderson,32,UTA,SF,3,0,49,8,17,.471,0,0,,8,17,.471,.471,5,7,.714,3,4,7,9,1,0,3,6,21,0,,anderky01
346,Amir Coffey,28,MIL,SG,13,0,128,8,19,.421,2,8,.250,6,11,.545,.474,3,3,1.000,4,10,14,7,0,1,1,6,21,0,,coffeam01
347,Cody Williams,21,UTA,SG,8,0,97,9,25,.360,2,11,.182,7,14,.500,.400,1,3,.333,2,6,8,4,2,1,3,13,21,0,,willico04
348,Thomas Bryant,28,CLE,C,8,0,54,10,22,.455,0,10,.000,10,12,.833,.455,0,3,.000,5,10,15,1,3,3,1,6,20,0,,bryanth01
349,Tyus Jones,29,ORL,PG,14,1,178,9,35,.257,2,19,.105,7,16,.438,.286,0,0,,3,10,13,20,10,2,5,9,20,0,,jonesty01
350,Kevon Looney,29,NOP,C,7,6,99,8,23,.348,1,6,.167,7,17,.412,.370,3,6,.500,13,14,27,11,2,4,5,14,20,0,,looneke01
351,Taelon Peter,23,IND,SG,9,0,87,6,24,.250,5,22,.227,1,2,.500,.354,3,3,1.000,4,10,14,12,2,2,8,5,20,0,,peterta01
352,Will Riley,19,WAS,SF,9,0,64,8,18,.444,1,4,.250,7,14,.500,.472,3,6,.500,3,11,14,7,2,0,2,2,20,0,,rileywi01
353,Matisse Thybulle,28,POR,SG,4,0,49,6,10,.600,4,6,.667,2,4,.500,.800,4,4,1.000,0,4,4,3,10,0,1,7,20,0,,thybuma01
354,Xavier Tillman Sr.,27,BOS,C,7,0,61,9,18,.500,2,8,.250,7,10,.700,.556,0,0,,7,10,17,4,3,1,1,7,20,0,,tillmxa01
355,Malaki Branham,22,WAS,SG,5,0,34,6,11,.545,1,5,.200,5,6,.833,.591,6,8,.750,3,5,8,3,0,0,1,2,19,0,,branhma01
356,Sidy Cissoko,21,POR,SF,8,0,89,7,15,.467,1,5,.200,6,10,.600,.500,4,7,.571,6,7,13,6,2,0,2,16,19,0,,cissosi01
357,Nigel Hayes-Davis,31,PHO,SF,11,0,93,9,21,.429,1,8,.125,8,13,.615,.452,0,0,,5,8,13,5,5,0,5,9,19,0,,hayesni01
358,Yanic Konan Niederhauser,22,LAC,C,5,0,22,7,8,.875,0,0,,7,8,.875,.875,5,8,.625,3,3,6,2,0,1,1,2,19,0,,konanya01
359,Mac McClung,27,IND,SG,3,0,34,7,18,.389,2,10,.200,5,8,.625,.444,3,4,.750,0,4,4,1,5,1,2,6,19,0,,mccluma01
360,Julian Phillips,22,CHI,SF,11,0,73,8,20,.400,3,10,.300,5,10,.500,.475,0,0,,5,3,8,1,4,2,1,7,19,0,,phillju01
361,Mark Sears,23,MIL,PG,5,0,21,5,9,.556,3,5,.600,2,4,.500,.722,6,8,.750,1,0,1,1,0,0,4,3,19,0,,searsma01
362,Gary Harris,31,MIL,SG,7,0,70,7,14,.500,4,8,.500,3,6,.500,.643,0,0,,1,3,4,4,5,2,2,5,18,0,,harriga01
363,Bronny James,21,LAL,SG,9,1,107,7,26,.269,2,10,.200,5,16,.313,.308,2,2,1.000,4,5,9,16,8,1,5,11,18,0,,jamesbr02
364,Chris Paul,40,LAC,PG,8,0,103,6,25,.240,5,19,.263,1,6,.167,.340,1,1,1.000,5,9,14,29,9,0,7,13,18,0,,paulch01
365,Chris Boucher,33,BOS,PF,7,0,76,7,22,.318,1,12,.083,6,10,.600,.341,2,2,1.000,2,15,17,2,4,5,1,15,17,0,,bouchch01
366,Carter Bryant,20,SAS,PF,8,0,54,6,21,.286,2,11,.182,4,10,.400,.333,3,3,1.000,0,8,8,0,2,1,4,5,17,0,,bryanca01
367,Devin Carter,23,SAC,PG,8,0,65,5,21,.238,2,11,.182,3,10,.300,.286,5,5,1.000,3,9,12,9,6,1,6,8,17,0,,cartede02
368,Jevon Carter,30,CHI,PG,3,0,38,5,8,.625,5,7,.714,0,1,.000,.938,2,2,1.000,1,2,3,6,2,0,1,1,17,0,,carteje01
369,Bobi Klintman,22,DET,SF,6,0,53,7,21,.333,3,11,.273,4,10,.400,.405,0,3,.000,5,11,16,4,2,0,5,9,17,0,,klintbo01
370,Caleb Love,24,POR,SG,5,0,45,7,25,.280,3,15,.200,4,10,.400,.340,0,0,,1,9,10,8,1,0,1,2,17,0,,loveca01
371,Noah Penda,21,ORL,SF,7,0,47,6,11,.545,2,2,1.000,4,9,.444,.636,3,4,.750,6,7,13,6,1,2,3,6,17,0,,pendano01
372,Tolu Smith,25,DET,PF,2,0,22,6,8,.750,0,0,,6,8,.750,.750,5,7,.714,4,7,11,2,1,1,1,2,17,0,,smithto05
373,Caleb Martin,30,DAL,SF,12,0,112,5,18,.278,1,6,.167,4,12,.333,.306,5,6,.833,9,10,19,13,4,1,5,23,16,0,,martica02
374,Monte Morris,30,IND,PG,5,0,62,6,19,.316,2,8,.250,4,11,.364,.368,2,4,.500,1,6,7,9,1,1,1,3,16,0,,morrimo01
375,Ryan Nembhard,22,DAL,PG,5,0,45,7,15,.467,0,4,.000,7,11,.636,.467,2,3,.667,1,0,1,9,0,0,6,3,16,0,,nembhry01
376,Kobe Brown,26,LAC,PF,7,0,60,5,11,.455,1,6,.167,4,5,.800,.500,4,4,1.000,4,11,15,7,0,0,3,2,15,0,,brownko01
377,Spencer Jones,24,DEN,SF,8,0,72,5,9,.556,2,5,.400,3,4,.750,.667,3,4,.750,2,0,2,4,6,1,5,12,15,0,,jonessp01
378,Leonard Miller,22,MIN,SF,7,0,27,6,10,.600,0,3,.000,6,7,.857,.600,3,5,.600,1,7,8,1,1,0,3,3,15,0,,millele01
379,Jalen Pickett,26,DEN,SG,6,1,42,6,12,.500,2,6,.333,4,6,.667,.583,1,1,1.000,1,5,6,7,0,0,4,4,15,0,,pickeja02
380,Lindy Waters III,28,SAS,SG,5,0,41,5,10,.500,5,10,.500,0,0,,.750,0,0,,0,4,4,3,0,0,0,4,15,0,,waterli01
381,Chris Youngblood,23,OKC,SG,12,0,63,3,14,.214,3,13,.231,0,1,.000,.321,6,6,1.000,2,4,6,2,1,0,0,10,15,0,,youngch01
382,Brooks Barnhizer,23,OKC,SG,12,0,96,6,13,.462,0,1,.000,6,12,.500,.462,2,4,.500,5,20,25,3,2,2,1,9,14,0,,barnhbr01
383,Caleb Houstan,23,ATL,SF,5,0,32,4,8,.500,3,6,.500,1,2,.500,.688,3,3,1.000,3,0,3,2,1,1,3,4,14,0,,houstca01
384,Bryce McGowens,23,NOP,SG,5,0,30,4,10,.400,0,2,.000,4,8,.500,.400,6,8,.750,0,1,1,3,2,0,1,1,14,0,,mcgowbr01
385,Micah Peavy,24,NOP,SG,9,0,94,6,23,.261,1,9,.111,5,14,.357,.283,1,2,.500,9,10,19,6,1,1,2,13,14,0,,peavymi01
386,Zach Edey,23,MEM,C,1,1,25,3,7,.429,0,1,.000,3,6,.500,.429,7,9,.778,2,5,7,0,2,2,1,4,13,0,,edeyza01
387,PJ Hall,23,MEM,C,7,0,27,5,9,.556,1,3,.333,4,6,.667,.611,2,3,.667,3,6,9,2,0,2,1,3,13,0,,hallpj01
388,Elijah Harkless,25,UTA,SG,6,0,63,4,11,.364,2,7,.286,2,4,.500,.455,3,5,.600,2,4,6,4,3,0,3,10,13,0,,harklej01
389,Khaman Maluach,19,PHO,C,7,0,35,3,7,.429,0,3,.000,3,4,.750,.429,7,8,.875,1,5,6,1,0,4,5,8,13,0,,maluakh01
390,Joan Beringer,19,MIN,PF,8,0,30,6,7,.857,0,0,,6,7,.857,.857,0,1,.000,1,7,8,0,1,1,2,7,12,0,,berinjo01
391,Rasheer Fleming,21,PHO,PF,7,0,36,5,15,.333,2,9,.222,3,6,.500,.400,0,0,,4,2,6,2,1,1,1,5,12,0,,flemira01
392,Jeff Green,39,HOU,PF,5,0,21,4,6,.667,4,6,.667,0,0,,1.000,0,0,,1,1,2,0,0,1,0,2,12,0,,greenje02
393,GG Jackson II,21,MEM,PF,6,0,28,4,14,.286,0,6,.000,4,8,.500,.286,4,7,.571,1,2,3,1,3,0,0,3,12,0,,jacksgg01
394,E.J. Liddell,25,BRK,PF,5,0,25,4,11,.364,2,8,.250,2,3,.667,.455,2,3,.667,1,6,7,0,0,0,0,4,12,0,,liddeej01
395,Dalen Terry,23,CHI,SG,7,0,41,4,9,.444,1,2,.500,3,7,.429,.500,3,6,.500,0,3,3,4,1,2,1,4,12,0,,terryda01
396,JD Davison,23,HOU,PG,5,0,24,4,8,.500,3,6,.500,1,2,.500,.688,0,2,.000,0,0,0,2,1,1,0,2,11,0,,davisjd01
397,Zeke Nnaji,25,DEN,PF,6,0,21,4,7,.571,1,4,.250,3,3,1.000,.643,2,3,.667,1,1,2,2,0,0,2,7,11,0,,nnajize01
398,Kelly Olynyk,34,SAS,C,4,0,37,5,8,.625,1,1,1.000,4,7,.571,.688,0,0,,5,6,11,13,0,0,3,5,11,0,,olynyke01
399,Gabe Vincent,29,LAL,PG,3,3,72,3,13,.231,2,10,.200,1,3,.333,.308,3,3,1.000,1,2,3,7,3,0,2,7,11,0,,vincega01
400,Pete Nance,25,MIL,PF,1,0,4,4,5,.800,2,3,.667,2,2,1.000,1.000,0,0,,0,1,1,0,0,0,0,0,10,0,,nancepe01
401,Kevin Porter Jr.,25,MIL,PG,1,1,9,3,5,.600,2,3,.667,1,2,.500,.800,2,2,1.000,0,0,0,2,1,0,0,0,10,0,,porteke02
402,Luke Travers,24,CLE,SG,6,0,47,2,16,.125,0,6,.000,2,10,.200,.125,6,6,1.000,4,7,11,4,3,4,1,2,10,0,,travelu01
403,Anthony Gill,33,WAS,PF,5,0,13,3,4,.750,1,1,1.000,2,3,.667,.875,2,2,1.000,1,3,4,0,0,0,2,1,9,0,,gillan01
404,Yang Hansen,20,POR,C,5,0,29,2,9,.222,0,3,.000,2,6,.333,.222,5,6,.833,3,1,4,0,0,2,3,4,9,0,,yangha01
405,David Jones García,24,SAS,SF,3,0,11,4,7,.571,0,0,,4,7,.571,.571,1,3,.333,2,1,3,4,0,0,0,2,9,0,,jonesda06
406,DeAndre Jordan,37,NOP,C,2,1,23,4,5,.800,0,0,,4,5,.800,.800,1,2,.500,4,6,10,0,0,0,1,1,9,0,,jordade01
407,Riley Minix,25,SAS,SF,3,0,8,4,6,.667,1,3,.333,3,3,1.000,.750,0,0,,1,1,2,1,1,0,0,1,9,0,,minixri01
408,Antonio Reeves,25,CHO,SG,2,0,21,3,6,.500,3,5,.600,0,1,.000,.750,0,0,,1,1,2,0,0,0,0,1,9,0,,reevean01
409,Jericho Sims,27,MIL,C,9,0,61,3,4,.750,0,0,,3,4,.750,.750,3,4,.750,7,9,16,3,1,2,4,6,9,0,,simsje01
410,Johnny Furphy,21,IND,SG,3,0,37,3,6,.500,2,3,.667,1,3,.333,.667,0,0,,1,5,6,0,2,0,3,4,8,0,,furphjo01
411,Eric Gordon,37,PHI,SG,3,0,21,3,5,.600,2,4,.500,1,1,1.000,.800,0,0,,0,0,0,1,1,0,2,2,8,0,,gordoer01
412,Ron Harper Jr.,25,BOS,SF,3,0,15,3,7,.429,2,6,.333,1,1,1.000,.571,0,0,,1,2,3,3,0,1,0,2,8,0,,harpero02
413,Ariel Hukporti,23,NYK,C,8,2,56,4,8,.500,0,0,,4,8,.500,.500,0,0,,7,10,17,5,1,2,5,9,8,0,,hukpoar01
414,Jae'Sean Tate,30,HOU,SF,7,0,39,4,11,.364,0,3,.000,4,8,.500,.364,0,0,,1,5,6,1,1,0,1,6,8,0,,tateja01
415,Charles Bassey,25,MEM,C,2,0,31,3,8,.375,0,0,,3,8,.375,.375,1,3,.333,7,8,15,2,1,1,1,5,7,0,,bassech01
416,Mohamed Diawara,20,NYK,SF,6,0,15,3,4,.750,1,1,1.000,2,3,.667,.875,0,2,.000,0,1,1,1,0,0,1,2,7,0,,diawamo01
417,AJ Johnson,21,WAS,SG,8,0,38,2,11,.182,0,2,.000,2,9,.222,.182,3,4,.750,2,3,5,4,0,0,1,3,7,0,,johnsaj01
418,Keshad Johnson,24,MIA,SF,4,0,22,3,12,.250,1,6,.167,2,6,.333,.292,0,0,,1,5,6,0,2,0,1,2,7,0,,johnske10
419,Maxi Kleber,34,LAL,PF,3,0,48,2,4,.500,2,3,.667,0,1,.000,.750,1,2,.500,2,5,7,4,1,2,0,6,7,0,,klebima01
420,Cody Martin,30,IND,SF,4,0,55,2,10,.200,0,5,.000,2,5,.400,.200,3,6,.500,1,13,14,2,4,2,4,5,7,0,,martico01
421,Nolan Traoré,19,BRK,PG,3,0,33,2,9,.222,2,6,.333,0,3,.000,.333,1,2,.500,0,1,1,4,2,0,2,5,7,0,,traorno01
422,Tyson Etienne,26,BRK,PG,5,0,25,2,11,.182,2,10,.200,0,1,.000,.273,0,0,,0,0,0,0,0,0,0,3,6,0,,etienty01
423,Johnny Juzang,24,MIN,SG,6,0,18,2,7,.286,1,5,.200,1,2,.500,.357,1,2,.500,1,2,3,1,0,0,1,2,6,0,,juzanjo01
424,Doug McDermott,34,SAC,SF,1,0,8,2,3,.667,2,3,.667,0,0,,1.000,0,0,,0,0,0,0,0,0,1,1,6,0,,mcderdo01
425,Jonathan Mogbo,24,TOR,PF,7,0,35,3,6,.500,0,0,,3,6,.500,.500,0,0,,3,6,9,4,1,2,1,4,6,0,,mogbojo01
426,Wendell Moore Jr.,24,DET,SG,2,0,28,3,4,.750,0,1,.000,3,3,1.000,.750,0,0,,1,1,2,3,1,1,0,1,6,0,,moorewe01
427,Mason Plumlee,35,CHO,C,6,0,30,2,2,1.000,0,0,,2,2,1.000,1.000,2,4,.500,1,4,5,2,0,0,2,1,6,0,,plumlma01
428,Rayan Rupert,21,POR,SG,7,0,40,2,9,.222,1,6,.167,1,3,.333,.278,1,2,.500,1,7,8,2,2,0,1,7,6,0,,ruperra01
429,Jacob Toppin,25,ATL,SF,3,0,9,3,4,.750,0,0,,3,4,.750,.750,0,0,,0,1,1,0,0,0,0,1,6,0,,toppija01
430,Jamir Watkins,24,WAS,SG,3,0,21,3,4,.750,0,1,.000,3,3,1.000,.750,0,0,,1,5,6,0,0,1,1,4,6,0,,watkija01
431,Dylan Cardwell,24,SAC,C,3,1,33,2,6,.333,0,1,.000,2,5,.400,.333,1,2,.500,2,3,5,0,2,3,2,10,5,0,,cardwdy01
432,Harrison Ingram,23,SAS,SF,3,0,11,2,3,.667,1,1,1.000,1,2,.500,.833,0,0,,3,0,3,0,0,0,0,2,5,0,,ingraha01
433,Dario Šarić,31,SAC,C,3,0,28,1,5,.200,1,2,.500,0,3,.000,.300,2,2,1.000,1,4,5,2,0,0,1,0,5,0,,saricda01
434,Koby Brea,23,PHO,SG,1,0,4,1,2,.500,0,1,.000,1,1,1.000,.500,2,2,1.000,0,0,0,1,0,0,0,0,4,0,,breako01
435,Johni Broome,23,PHI,PF,2,0,6,2,5,.400,0,1,.000,2,4,.500,.400,0,0,,2,0,2,1,0,0,0,0,4,0,,broomjo01
436,Pacome Dadiet,20,NYK,SG,5,0,14,1,4,.250,0,1,.000,1,3,.333,.250,2,2,1.000,0,3,3,2,0,0,0,1,4,0,,dadiepa01
437,Adou Thiero,21,LAL,SF,1,0,5,1,1,1.000,0,0,,1,1,1.000,1.000,2,2,1.000,1,0,1,0,0,0,0,0,4,0,,thierad01
438,James Wiseman,24,IND,C,1,1,20,2,3,.667,0,0,,2,3,.667,.667,0,0,,4,0,4,0,0,1,3,2,4,0,,wisemja01
439,N'Faly Dante,24,ATL,C,4,0,15,1,4,.250,0,0,,1,4,.250,.250,1,1,1.000,3,4,7,0,2,0,1,1,3,0,,nfalyda01
440,Myron Gardner,24,MIA,SF,1,0,3,1,1,1.000,1,1,1.000,0,0,,1.500,0,0,,0,1,1,1,0,0,0,2,3,0,,gardnmy01
441,DaRon Holmes,23,DEN,PF,2,0,4,1,1,1.000,1,1,1.000,0,0,,1.500,0,0,,0,0,0,0,0,0,0,1,3,0,,holmeda01
442,Isaac Jones,25,SAC,PF,3,1,17,1,2,.500,0,1,.000,1,1,1.000,.500,1,2,.500,2,0,2,1,0,0,0,4,3,0,,jonesis01
443,Kyle Lowry,39,PHI,PG,1,0,3,1,1,1.000,1,1,1.000,0,0,,1.500,0,0,,0,0,0,1,1,0,0,0,3,0,,lowryky01
444,Jase Richardson,20,ORL,SG,7,0,30,1,5,.200,0,3,.000,1,2,.500,.200,1,2,.500,0,1,1,6,0,0,3,1,3,0,,richaja02
445,Thanasis Antetokounmpo,33,MIL,SF,4,0,9,1,2,.500,0,0,,1,2,.500,.500,0,0,,0,1,1,0,1,2,0,1,2,0,,antetth01
446,Bismack Biyombo,33,SAS,C,6,0,46,1,2,.500,0,0,,1,2,.500,.500,0,0,,2,4,6,2,3,1,2,9,2,0,,biyombi01
447,Hunter Dickinson,25,NOP,C,1,0,5,1,2,.500,0,0,,1,2,.500,.500,0,0,,0,0,0,0,0,1,2,2,2,0,,dickihu01
448,Colby Jones,23,DET,SG,1,0,7,1,3,.333,0,2,.000,1,1,1.000,.333,0,0,,0,4,4,2,0,0,0,1,2,0,,jonesco02
449,Daeqwon Plowden,27,SAC,SG,1,0,14,1,5,.200,0,3,.000,1,2,.500,.200,0,0,,2,0,2,0,0,0,0,0,2,0,,plowdda01
450,Hunter Sallis,22,PHI,SG,3,0,7,1,1,1.000,0,0,,1,1,1.000,1.000,0,0,,0,1,1,1,0,0,2,1,2,0,,sallihu01
451,Amari Williams,24,BOS,PF,2,0,7,1,2,.500,0,0,,1,2,.500,.500,0,0,,1,1,2,1,1,0,0,1,2,0,,william01
452,Danny Wolf,21,BRK,PF,2,0,6,0,1,.000,0,0,,0,1,.000,.000,2,2,1.000,0,2,2,2,0,0,0,0,2,0,,wolfda01
453,Jahmir Young,25,MIA,PG,2,0,10,1,3,.333,0,1,.000,1,2,.500,.333,0,0,,0,1,1,2,0,0,1,2,2,0,,youngja05
454,Jahmyl Telfort,24,LAC,PF,3,0,16,0,2,.000,0,2,.000,0,0,,.000,1,4,.250,0,2,2,1,0,0,1,2,1,0,,telfoja01
455,Jamal Cain,26,ORL,SF,1,0,0,0,0,,0,0,,0,0,,,0,0,,0,0,0,0,0,0,0,0,0,0,,cainja01
456,Sharife Cooper,24,WAS,PG,2,0,4,0,0,,0,0,,0,0,,,0,0,,0,0,0,0,0,0,1,0,0,0,,coopesh01
457,Joe Ingles,38,MIN,SF,4,0,16,0,2,.000,0,2,.000,0,0,,.000,0,0,,0,0,0,5,0,0,0,2,0,0,,inglejo01
458,Andre Jackson Jr.,24,MIL,SG,6,0,22,0,2,.000,0,1,.000,0,1,.000,.000,0,0,,1,1,2,6,2,1,2,3,0,0,,jacksan01
459,Trey Jemison,26,NYK,C,1,0,8,0,0,,0,0,,0,0,,,0,0,,1,1,2,0,0,0,0,0,0,0,,jemistr01
460,Miles Kelly,23,DAL,PG,1,0,2,0,0,,0,0,,0,0,,,0,0,,0,0,0,0,0,0,1,1,0,0,,kellymi02
461,Christian Koloko,25,LAL,C,2,0,6,0,0,,0,0,,0,0,,,0,0,,0,1,1,0,0,0,0,1,0,0,,kolokch01
462,Chris Mañon,24,LAL,SG,2,0,7,0,1,.000,0,1,.000,0,0,,.000,0,0,,0,2,2,0,0,1,0,2,0,0,,manonch01
463,Jared McCain,21,PHI,SG,3,0,31,0,9,.000,0,2,.000,0,7,.000,.000,0,0,,0,2,2,4,1,0,1,4,0,0,,mccaija01
464,Orlando Robinson,25,ORL,C,1,0,2,0,0,,0,0,,0,0,,,0,0,,0,0,0,0,0,0,0,1,0,0,,robinor01
465,Garrett Temple,39,TOR,SG,2,0,6,0,1,.000,0,1,.000,0,0,,.000,0,0,,0,0,0,0,0,1,0,0,0,0,,templga01
466,Hunter Tyson,25,DEN,PF,5,0,17,0,7,.000,0,4,.000,0,3,.000,.000,0,0,,1,9,10,0,1,0,0,2,0,0,,tysonhu01
,League Average,,,,,,,,,.468,,,.359,,,.546,.543,,,.792,,,,,,,,,,,,-9999